week_ended,reflecting_week_end,fips_code,state_name,initial_claims,continued_claims,covered_employment,insured_unemployment_rate,Timestamp,Date,ID Geography,Geography
1/16/2021,1/9/2021,04000US08,Colorado,13728,93383,0,0,1.61077E+12,"January 16th, 2021",04000US08,Colorado
1/16/2021,1/9/2021,04000US22,Louisiana,15424,59881,0,0,1.61077E+12,"January 16th, 2021",04000US22,Louisiana
1/16/2021,1/9/2021,04000US27,Minnesota,13680,143829,0,0,1.61077E+12,"January 16th, 2021",04000US27,Minnesota
1/16/2021,1/9/2021,04000US34,New Jersey,14046,143660,0,0,1.61077E+12,"January 16th, 2021",04000US34,New Jersey
1/16/2021,1/9/2021,04000US55,Wisconsin,16965,107132,0,0,1.61077E+12,"January 16th, 2021",04000US55,Wisconsin
1/9/2021,1/2/2021,04000US08,Colorado,14238,147288,0,0,1.61017E+12,"January 9th, 2021",04000US08,Colorado
1/9/2021,1/2/2021,04000US22,Louisiana,20497,85773,0,0,1.61017E+12,"January 9th, 2021",04000US22,Louisiana
1/9/2021,1/2/2021,04000US27,Minnesota,17301,152224,0,0,1.61017E+12,"January 9th, 2021",04000US27,Minnesota
1/9/2021,1/2/2021,04000US34,New Jersey,21836,156368,0,0,1.61017E+12,"January 9th, 2021",04000US34,New Jersey
1/9/2021,1/2/2021,04000US55,Wisconsin,22580,117324,0,0,1.61017E+12,"January 9th, 2021",04000US55,Wisconsin
1/2/2021,12/26/2020,04000US08,Colorado,25234,110035,2692685,4.09,1.60956E+12,"January 2nd, 2021",04000US08,Colorado
1/2/2021,12/26/2020,04000US22,Louisiana,25365,64404,1887456,3.41,1.60956E+12,"January 2nd, 2021",04000US22,Louisiana
1/2/2021,12/26/2020,04000US27,Minnesota,17482,148435,2871418,5.17,1.60956E+12,"January 2nd, 2021",04000US27,Minnesota
1/2/2021,12/26/2020,04000US34,New Jersey,20988,141210,4042393,3.49,1.60956E+12,"January 2nd, 2021",04000US34,New Jersey
1/2/2021,12/26/2020,04000US55,Wisconsin,19188,100783,2857433,3.53,1.60956E+12,"January 2nd, 2021",04000US55,Wisconsin
12/26/2020,12/19/2020,04000US08,Colorado,16702,103251,2692685,3.83,1.60896E+12,"December 26th, 2020",04000US08,Colorado
12/26/2020,12/19/2020,04000US22,Louisiana,8246,60641,1887456,3.21,1.60896E+12,"December 26th, 2020",04000US22,Louisiana
12/26/2020,12/19/2020,04000US27,Minnesota,16271,129135,2871418,4.5,1.60896E+12,"December 26th, 2020",04000US27,Minnesota
12/26/2020,12/19/2020,04000US34,New Jersey,20462,138261,4042393,3.42,1.60896E+12,"December 26th, 2020",04000US34,New Jersey
12/26/2020,12/19/2020,04000US55,Wisconsin,14294,89928,2857433,3.15,1.60896E+12,"December 26th, 2020",04000US55,Wisconsin
12/19/2020,12/12/2020,04000US08,Colorado,18165,98885,2692685,3.67,1.60835E+12,"December 19th, 2020",04000US08,Colorado
12/19/2020,12/12/2020,04000US22,Louisiana,7926,64448,1887456,3.41,1.60835E+12,"December 19th, 2020",04000US22,Louisiana
12/19/2020,12/12/2020,04000US27,Minnesota,14297,134220,2871418,4.67,1.60835E+12,"December 19th, 2020",04000US27,Minnesota
12/19/2020,12/12/2020,04000US34,New Jersey,17611,146200,4042393,3.62,1.60835E+12,"December 19th, 2020",04000US34,New Jersey
12/19/2020,12/12/2020,04000US55,Wisconsin,14119,97337,2857433,3.41,1.60835E+12,"December 19th, 2020",04000US55,Wisconsin
12/12/2020,12/5/2020,04000US08,Colorado,19897,97572,2692685,3.62,1.60775E+12,"December 12th, 2020",04000US08,Colorado
12/12/2020,12/5/2020,04000US22,Louisiana,9289,66810,1887456,3.54,1.60775E+12,"December 12th, 2020",04000US22,Louisiana
12/12/2020,12/5/2020,04000US27,Minnesota,16019,135667,2871418,4.72,1.60775E+12,"December 12th, 2020",04000US27,Minnesota
12/12/2020,12/5/2020,04000US34,New Jersey,16368,150410,4042393,3.72,1.60775E+12,"December 12th, 2020",04000US34,New Jersey
12/12/2020,12/5/2020,04000US55,Wisconsin,14662,94027,2857433,3.29,1.60775E+12,"December 12th, 2020",04000US55,Wisconsin
12/5/2020,11/28/2020,04000US08,Colorado,19087,91648,2692685,3.4,1.60714E+12,"December 5th, 2020",04000US08,Colorado
12/5/2020,11/28/2020,04000US22,Louisiana,9114,75004,1887456,3.97,1.60714E+12,"December 5th, 2020",04000US22,Louisiana
12/5/2020,11/28/2020,04000US27,Minnesota,25177,140443,2871418,4.89,1.60714E+12,"December 5th, 2020",04000US27,Minnesota
12/5/2020,11/28/2020,04000US34,New Jersey,17025,154758,4042393,3.83,1.60714E+12,"December 5th, 2020",04000US34,New Jersey
12/5/2020,11/28/2020,04000US55,Wisconsin,21700,104264,2857433,3.65,1.60714E+12,"December 5th, 2020",04000US55,Wisconsin
11/28/2020,11/21/2020,04000US08,Colorado,17171,79697,2692685,2.96,1.60654E+12,"November 28th, 2020",04000US08,Colorado
11/28/2020,11/21/2020,04000US22,Louisiana,11780,74863,1887456,3.97,1.60654E+12,"November 28th, 2020",04000US22,Louisiana
11/28/2020,11/21/2020,04000US27,Minnesota,24527,114715,2871418,4,1.60654E+12,"November 28th, 2020",04000US27,Minnesota
11/28/2020,11/21/2020,04000US34,New Jersey,13546,143270,4042393,3.54,1.60654E+12,"November 28th, 2020",04000US34,New Jersey
11/28/2020,11/21/2020,04000US55,Wisconsin,16138,87624,2857433,3.07,1.60654E+12,"November 28th, 2020",04000US55,Wisconsin
11/21/2020,11/14/2020,04000US08,Colorado,15266,86082,2692685,3.2,1.60593E+12,"November 21st, 2020",04000US08,Colorado
11/21/2020,11/14/2020,04000US22,Louisiana,10045,83338,1887456,4.42,1.60593E+12,"November 21st, 2020",04000US22,Louisiana
11/21/2020,11/14/2020,04000US27,Minnesota,22914,112924,2871418,3.93,1.60593E+12,"November 21st, 2020",04000US27,Minnesota
11/21/2020,11/14/2020,04000US34,New Jersey,12205,157386,4042393,3.89,1.60593E+12,"November 21st, 2020",04000US34,New Jersey
11/21/2020,11/14/2020,04000US55,Wisconsin,16720,93095,2857433,3.26,1.60593E+12,"November 21st, 2020",04000US55,Wisconsin
11/14/2020,11/7/2020,04000US08,Colorado,9205,86785,2692685,3.22,1.60533E+12,"November 14th, 2020",04000US08,Colorado
11/14/2020,11/7/2020,04000US22,Louisiana,10045,91023,1887456,4.82,1.60533E+12,"November 14th, 2020",04000US22,Louisiana
11/14/2020,11/7/2020,04000US27,Minnesota,15428,104687,2871418,3.65,1.60533E+12,"November 14th, 2020",04000US27,Minnesota
11/14/2020,11/7/2020,04000US34,New Jersey,12988,164818,4042393,4.08,1.60533E+12,"November 14th, 2020",04000US34,New Jersey
11/14/2020,11/7/2020,04000US55,Wisconsin,15605,92927,2857433,3.25,1.60533E+12,"November 14th, 2020",04000US55,Wisconsin
11/7/2020,10/31/2020,04000US08,Colorado,7516,92367,2692685,3.43,1.60473E+12,"November 7th, 2020",04000US08,Colorado
11/7/2020,10/31/2020,04000US22,Louisiana,10045,98935,1887456,5.24,1.60473E+12,"November 7th, 2020",04000US22,Louisiana
11/7/2020,10/31/2020,04000US27,Minnesota,11820,105784,2871418,3.68,1.60473E+12,"November 7th, 2020",04000US27,Minnesota
11/7/2020,10/31/2020,04000US34,New Jersey,20978,168839,4042393,4.18,1.60473E+12,"November 7th, 2020",04000US34,New Jersey
11/7/2020,10/31/2020,04000US55,Wisconsin,14334,94072,2857433,3.29,1.60473E+12,"November 7th, 2020",04000US55,Wisconsin
10/31/2020,10/24/2020,04000US08,Colorado,7138,96782,2692685,3.59,1.60412E+12,"October 31st, 2020",04000US08,Colorado
10/31/2020,10/24/2020,04000US22,Louisiana,8419,115350,1887456,6.11,1.60412E+12,"October 31st, 2020",04000US22,Louisiana
10/31/2020,10/24/2020,04000US27,Minnesota,12499,110584,2871418,3.85,1.60412E+12,"October 31st, 2020",04000US27,Minnesota
10/31/2020,10/24/2020,04000US34,New Jersey,24703,179328,4042393,4.44,1.60412E+12,"October 31st, 2020",04000US34,New Jersey
10/31/2020,10/24/2020,04000US55,Wisconsin,14874,98223,2857433,3.44,1.60412E+12,"October 31st, 2020",04000US55,Wisconsin
10/24/2020,10/17/2020,04000US08,Colorado,6071,105759,2692685,3.93,1.60351E+12,"October 24th, 2020",04000US08,Colorado
10/24/2020,10/17/2020,04000US22,Louisiana,9943,128378,1887456,6.8,1.60351E+12,"October 24th, 2020",04000US22,Louisiana
10/24/2020,10/17/2020,04000US27,Minnesota,11681,116856,2871418,4.07,1.60351E+12,"October 24th, 2020",04000US27,Minnesota
10/24/2020,10/17/2020,04000US34,New Jersey,27203,203663,4042393,5.04,1.60351E+12,"October 24th, 2020",04000US34,New Jersey
10/24/2020,10/17/2020,04000US55,Wisconsin,13540,100438,2857433,3.51,1.60351E+12,"October 24th, 2020",04000US55,Wisconsin
10/17/2020,10/10/2020,04000US08,Colorado,5759,111822,2692685,4.15,1.60291E+12,"October 17th, 2020",04000US08,Colorado
10/17/2020,10/10/2020,04000US22,Louisiana,13039,146622,1887456,7.77,1.60291E+12,"October 17th, 2020",04000US22,Louisiana
10/17/2020,10/10/2020,04000US27,Minnesota,9833,122976,2871418,4.28,1.60291E+12,"October 17th, 2020",04000US27,Minnesota
10/17/2020,10/10/2020,04000US34,New Jersey,28809,217743,4042393,5.39,1.60291E+12,"October 17th, 2020",04000US34,New Jersey
10/17/2020,10/10/2020,04000US55,Wisconsin,13890,102729,2857433,3.6,1.60291E+12,"October 17th, 2020",04000US55,Wisconsin
10/10/2020,10/3/2020,04000US08,Colorado,6406,124333,2692685,4.62,1.6023E+12,"October 10th, 2020",04000US08,Colorado
10/10/2020,10/3/2020,04000US22,Louisiana,13577,165320,1887456,8.76,1.6023E+12,"October 10th, 2020",04000US22,Louisiana
10/10/2020,10/3/2020,04000US27,Minnesota,9340,138673,2871418,4.83,1.6023E+12,"October 10th, 2020",04000US27,Minnesota
10/10/2020,10/3/2020,04000US34,New Jersey,29031,249076,4042393,6.16,1.6023E+12,"October 10th, 2020",04000US34,New Jersey
10/10/2020,10/3/2020,04000US55,Wisconsin,14971,110050,2857433,3.85,1.6023E+12,"October 10th, 2020",04000US55,Wisconsin
10/3/2020,9/26/2020,04000US08,Colorado,5919,127012,2681376,4.74,1.6017E+12,"October 3rd, 2020",04000US08,Colorado
10/3/2020,9/26/2020,04000US22,Louisiana,13461,195223,1889866,10.33,1.6017E+12,"October 3rd, 2020",04000US22,Louisiana
10/3/2020,9/26/2020,04000US27,Minnesota,9697,152536,2868184,5.32,1.6017E+12,"October 3rd, 2020",04000US27,Minnesota
10/3/2020,9/26/2020,04000US34,New Jersey,23680,282981,4034480,7.01,1.6017E+12,"October 3rd, 2020",04000US34,New Jersey
10/3/2020,9/26/2020,04000US55,Wisconsin,11916,112613,2855007,3.94,1.6017E+12,"October 3rd, 2020",04000US55,Wisconsin
9/26/2020,9/19/2020,04000US08,Colorado,4862,143856,2681376,5.37,1.60109E+12,"September 26th, 2020",04000US08,Colorado
9/26/2020,9/19/2020,04000US22,Louisiana,16296,214860,1889866,11.37,1.60109E+12,"September 26th, 2020",04000US22,Louisiana
9/26/2020,9/19/2020,04000US27,Minnesota,9339,174779,2868184,6.09,1.60109E+12,"September 26th, 2020",04000US27,Minnesota
9/26/2020,9/19/2020,04000US34,New Jersey,27184,322414,4034480,7.99,1.60109E+12,"September 26th, 2020",04000US34,New Jersey
9/26/2020,9/19/2020,04000US55,Wisconsin,11185,119104,2855007,4.17,1.60109E+12,"September 26th, 2020",04000US55,Wisconsin
9/19/2020,9/12/2020,04000US08,Colorado,5115,151250,2681376,5.64,1.60049E+12,"September 19th, 2020",04000US08,Colorado
9/19/2020,9/12/2020,04000US22,Louisiana,14842,238724,1889866,12.63,1.60049E+12,"September 19th, 2020",04000US22,Louisiana
9/19/2020,9/12/2020,04000US27,Minnesota,10901,192217,2868184,6.7,1.60049E+12,"September 19th, 2020",04000US27,Minnesota
9/19/2020,9/12/2020,04000US34,New Jersey,24680,353590,4034480,8.76,1.60049E+12,"September 19th, 2020",04000US34,New Jersey
9/19/2020,9/12/2020,04000US55,Wisconsin,12178,128663,2855007,4.51,1.60049E+12,"September 19th, 2020",04000US55,Wisconsin
9/12/2020,9/5/2020,04000US08,Colorado,5171,157091,2681376,5.86,1.59988E+12,"September 12th, 2020",04000US08,Colorado
9/12/2020,9/5/2020,04000US22,Louisiana,16182,250244,1889866,13.24,1.59988E+12,"September 12th, 2020",04000US22,Louisiana
9/12/2020,9/5/2020,04000US27,Minnesota,11181,207645,2868184,7.24,1.59988E+12,"September 12th, 2020",04000US27,Minnesota
9/12/2020,9/5/2020,04000US34,New Jersey,19642,366673,4034480,9.09,1.59988E+12,"September 12th, 2020",04000US34,New Jersey
9/12/2020,9/5/2020,04000US55,Wisconsin,11709,130672,2855007,4.58,1.59988E+12,"September 12th, 2020",04000US55,Wisconsin
9/5/2020,8/29/2020,04000US08,Colorado,6031,162261,2681376,6.05,1.59928E+12,"September 5th, 2020",04000US08,Colorado
9/5/2020,8/29/2020,04000US22,Louisiana,24566,256184,1889866,13.56,1.59928E+12,"September 5th, 2020",04000US22,Louisiana
9/5/2020,8/29/2020,04000US27,Minnesota,11038,212993,2868184,7.43,1.59928E+12,"September 5th, 2020",04000US27,Minnesota
9/5/2020,8/29/2020,04000US34,New Jersey,22750,388233,4034480,9.62,1.59928E+12,"September 5th, 2020",04000US34,New Jersey
9/5/2020,8/29/2020,04000US55,Wisconsin,12238,138621,2855007,4.86,1.59928E+12,"September 5th, 2020",04000US55,Wisconsin
8/29/2020,8/22/2020,04000US08,Colorado,5863,177822,2681376,6.63,1.59867E+12,"August 29th, 2020",04000US08,Colorado
8/29/2020,8/22/2020,04000US22,Louisiana,16191,249610,1889866,13.21,1.59867E+12,"August 29th, 2020",04000US22,Louisiana
8/29/2020,8/22/2020,04000US27,Minnesota,10295,219557,2868184,7.65,1.59867E+12,"August 29th, 2020",04000US27,Minnesota
8/29/2020,8/22/2020,04000US34,New Jersey,20348,410830,4034480,10.18,1.59867E+12,"August 29th, 2020",04000US34,New Jersey
8/29/2020,8/22/2020,04000US55,Wisconsin,12457,150900,2855007,5.29,1.59867E+12,"August 29th, 2020",04000US55,Wisconsin
8/22/2020,8/15/2020,04000US08,Colorado,6483,180390,2681376,6.73,1.59807E+12,"August 22nd, 2020",04000US08,Colorado
8/22/2020,8/15/2020,04000US22,Louisiana,12529,250720,1889866,13.27,1.59807E+12,"August 22nd, 2020",04000US22,Louisiana
8/22/2020,8/15/2020,04000US27,Minnesota,10817,231989,2868184,8.09,1.59807E+12,"August 22nd, 2020",04000US27,Minnesota
8/22/2020,8/15/2020,04000US34,New Jersey,20182,411019,4034480,10.19,1.59807E+12,"August 22nd, 2020",04000US34,New Jersey
8/22/2020,8/15/2020,04000US55,Wisconsin,13879,161697,2855007,5.66,1.59807E+12,"August 22nd, 2020",04000US55,Wisconsin
8/15/2020,8/8/2020,04000US08,Colorado,6971,197296,2681376,7.36,1.59746E+12,"August 15th, 2020",04000US08,Colorado
8/15/2020,8/8/2020,04000US22,Louisiana,14365,255068,1889866,13.5,1.59746E+12,"August 15th, 2020",04000US22,Louisiana
8/15/2020,8/8/2020,04000US27,Minnesota,12081,244418,2868184,8.52,1.59746E+12,"August 15th, 2020",04000US27,Minnesota
8/15/2020,8/8/2020,04000US34,New Jersey,25417,420062,4034480,10.41,1.59746E+12,"August 15th, 2020",04000US34,New Jersey
8/15/2020,8/8/2020,04000US55,Wisconsin,14834,173270,2855007,6.07,1.59746E+12,"August 15th, 2020",04000US55,Wisconsin
8/8/2020,8/1/2020,04000US08,Colorado,6231,198702,2681376,7.41,1.59686E+12,"August 8th, 2020",04000US08,Colorado
8/8/2020,8/1/2020,04000US22,Louisiana,11131,299974,1889866,15.87,1.59686E+12,"August 8th, 2020",04000US22,Louisiana
8/8/2020,8/1/2020,04000US27,Minnesota,9087,259525,2868184,9.05,1.59686E+12,"August 8th, 2020",04000US27,Minnesota
8/8/2020,8/1/2020,04000US34,New Jersey,13837,426519,4034480,10.57,1.59686E+12,"August 8th, 2020",04000US34,New Jersey
8/8/2020,8/1/2020,04000US55,Wisconsin,14257,180146,2855007,6.31,1.59686E+12,"August 8th, 2020",04000US55,Wisconsin
8/1/2020,7/25/2020,04000US08,Colorado,7167,224130,2681376,8.36,1.59625E+12,"August 1st, 2020",04000US08,Colorado
8/1/2020,7/25/2020,04000US22,Louisiana,13402,327467,1889866,17.33,1.59625E+12,"August 1st, 2020",04000US22,Louisiana
8/1/2020,7/25/2020,04000US27,Minnesota,12315,288215,2868184,10.05,1.59625E+12,"August 1st, 2020",04000US27,Minnesota
8/1/2020,7/25/2020,04000US34,New Jersey,16584,467370,4034480,11.58,1.59625E+12,"August 1st, 2020",04000US34,New Jersey
8/1/2020,7/25/2020,04000US55,Wisconsin,19196,208649,2855007,7.31,1.59625E+12,"August 1st, 2020",04000US55,Wisconsin
7/25/2020,7/18/2020,04000US08,Colorado,8037,224204,2681376,8.36,1.59565E+12,"July 25th, 2020",04000US08,Colorado
7/25/2020,7/18/2020,04000US22,Louisiana,18511,324357,1889866,17.16,1.59565E+12,"July 25th, 2020",04000US22,Louisiana
7/25/2020,7/18/2020,04000US27,Minnesota,15311,305530,2868184,10.65,1.59565E+12,"July 25th, 2020",04000US27,Minnesota
7/25/2020,7/18/2020,04000US34,New Jersey,28073,485809,4034480,12.04,1.59565E+12,"July 25th, 2020",04000US34,New Jersey
7/25/2020,7/18/2020,04000US55,Wisconsin,23026,211944,2855007,7.42,1.59565E+12,"July 25th, 2020",04000US55,Wisconsin
7/18/2020,7/11/2020,04000US08,Colorado,8531,239098,2681376,8.92,1.59504E+12,"July 18th, 2020",04000US08,Colorado
7/18/2020,7/11/2020,04000US22,Louisiana,32079,313117,1889866,16.57,1.59504E+12,"July 18th, 2020",04000US22,Louisiana
7/18/2020,7/11/2020,04000US27,Minnesota,17706,314937,2868184,10.98,1.59504E+12,"July 18th, 2020",04000US27,Minnesota
7/18/2020,7/11/2020,04000US34,New Jersey,25932,476539,4034480,11.81,1.59504E+12,"July 18th, 2020",04000US34,New Jersey
7/18/2020,7/11/2020,04000US55,Wisconsin,25129,218606,2855007,7.66,1.59504E+12,"July 18th, 2020",04000US55,Wisconsin
7/11/2020,7/4/2020,04000US08,Colorado,10554,228224,2681376,8.51,1.59444E+12,"July 11th, 2020",04000US08,Colorado
7/11/2020,7/4/2020,04000US22,Louisiana,26351,312893,1889866,16.56,1.59444E+12,"July 11th, 2020",04000US22,Louisiana
7/11/2020,7/4/2020,04000US27,Minnesota,21637,332040,2868184,11.58,1.59444E+12,"July 11th, 2020",04000US27,Minnesota
7/11/2020,7/4/2020,04000US34,New Jersey,38825,491296,4034480,12.18,1.59444E+12,"July 11th, 2020",04000US34,New Jersey
7/11/2020,7/4/2020,04000US55,Wisconsin,29051,224765,2855007,7.87,1.59444E+12,"July 11th, 2020",04000US55,Wisconsin
7/4/2020,6/27/2020,04000US08,Colorado,7928,246108,2666358,9.23,1.59384E+12,"July 4th, 2020",04000US08,Colorado
7/4/2020,6/27/2020,04000US22,Louisiana,31417,313157,1891334,16.56,1.59384E+12,"July 4th, 2020",04000US22,Louisiana
7/4/2020,6/27/2020,04000US27,Minnesota,19362,326245,2864234,11.39,1.59384E+12,"July 4th, 2020",04000US27,Minnesota
7/4/2020,6/27/2020,04000US34,New Jersey,47402,491778,4025826,12.22,1.59384E+12,"July 4th, 2020",04000US34,New Jersey
7/4/2020,6/27/2020,04000US55,Wisconsin,27385,218553,2853837,7.66,1.59384E+12,"July 4th, 2020",04000US55,Wisconsin
6/27/2020,6/20/2020,04000US08,Colorado,8646,237236,2666358,8.9,1.59323E+12,"June 27th, 2020",04000US08,Colorado
6/27/2020,6/20/2020,04000US22,Louisiana,21976,306089,1891334,16.18,1.59323E+12,"June 27th, 2020",04000US22,Louisiana
6/27/2020,6/20/2020,04000US27,Minnesota,19373,337382,2864234,11.78,1.59323E+12,"June 27th, 2020",04000US27,Minnesota
6/27/2020,6/20/2020,04000US34,New Jersey,27992,519167,4025826,12.9,1.59323E+12,"June 27th, 2020",04000US34,New Jersey
6/27/2020,6/20/2020,04000US55,Wisconsin,24925,222897,2853837,7.81,1.59323E+12,"June 27th, 2020",04000US55,Wisconsin
6/20/2020,6/13/2020,04000US08,Colorado,10013,259341,2666358,9.73,1.59263E+12,"June 20th, 2020",04000US08,Colorado
6/20/2020,6/13/2020,04000US22,Louisiana,19524,300389,1891334,15.88,1.59263E+12,"June 20th, 2020",04000US22,Louisiana
6/20/2020,6/13/2020,04000US27,Minnesota,20487,351772,2864234,12.28,1.59263E+12,"June 20th, 2020",04000US27,Minnesota
6/20/2020,6/13/2020,04000US34,New Jersey,33027,528173,4025826,13.12,1.59263E+12,"June 20th, 2020",04000US34,New Jersey
6/20/2020,6/13/2020,04000US55,Wisconsin,25428,225424,2853837,7.9,1.59263E+12,"June 20th, 2020",04000US55,Wisconsin
6/13/2020,6/6/2020,04000US08,Colorado,10382,242785,2666358,9.11,1.59202E+12,"June 13th, 2020",04000US08,Colorado
6/13/2020,6/6/2020,04000US22,Louisiana,23122,306358,1891334,16.2,1.59202E+12,"June 13th, 2020",04000US22,Louisiana
6/13/2020,6/6/2020,04000US27,Minnesota,24696,371930,2864234,12.99,1.59202E+12,"June 13th, 2020",04000US27,Minnesota
6/13/2020,6/6/2020,04000US34,New Jersey,26438,538269,4025826,13.37,1.59202E+12,"June 13th, 2020",04000US34,New Jersey
6/13/2020,6/6/2020,04000US55,Wisconsin,25543,238528,2853837,8.36,1.59202E+12,"June 13th, 2020",04000US55,Wisconsin
6/6/2020,5/30/2020,04000US08,Colorado,13098,263810,2666358,9.89,1.59142E+12,"June 6th, 2020",04000US08,Colorado
6/6/2020,5/30/2020,04000US22,Louisiana,21879,305083,1891334,16.13,1.59142E+12,"June 6th, 2020",04000US22,Louisiana
6/6/2020,5/30/2020,04000US27,Minnesota,28311,398799,2864234,13.92,1.59142E+12,"June 6th, 2020",04000US27,Minnesota
6/6/2020,5/30/2020,04000US34,New Jersey,23166,559057,4025826,13.89,1.59142E+12,"June 6th, 2020",04000US34,New Jersey
6/6/2020,5/30/2020,04000US55,Wisconsin,25047,255805,2853837,8.96,1.59142E+12,"June 6th, 2020",04000US55,Wisconsin
5/30/2020,5/23/2020,04000US08,Colorado,12519,244600,2666358,9.17,1.59081E+12,"May 30th, 2020",04000US08,Colorado
5/30/2020,5/23/2020,04000US22,Louisiana,19334,301598,1891334,15.95,1.59081E+12,"May 30th, 2020",04000US22,Louisiana
5/30/2020,5/23/2020,04000US27,Minnesota,21654,397899,2864234,13.89,1.59081E+12,"May 30th, 2020",04000US27,Minnesota
5/30/2020,5/23/2020,04000US34,New Jersey,26752,547913,4025826,13.61,1.59081E+12,"May 30th, 2020",04000US34,New Jersey
5/30/2020,5/23/2020,04000US55,Wisconsin,24661,269678,2853837,9.45,1.59081E+12,"May 30th, 2020",04000US55,Wisconsin
5/23/2020,5/16/2020,04000US08,Colorado,15719,265499,2666358,9.96,1.59021E+12,"May 23rd, 2020",04000US08,Colorado
5/23/2020,5/16/2020,04000US22,Louisiana,23961,328409,1891334,17.36,1.59021E+12,"May 23rd, 2020",04000US22,Louisiana
5/23/2020,5/16/2020,04000US27,Minnesota,27211,416668,2864234,14.55,1.59021E+12,"May 23rd, 2020",04000US27,Minnesota
5/23/2020,5/16/2020,04000US34,New Jersey,34410,586532,4025826,14.57,1.59021E+12,"May 23rd, 2020",04000US34,New Jersey
5/23/2020,5/16/2020,04000US55,Wisconsin,28967,291677,2853837,10.22,1.59021E+12,"May 23rd, 2020",04000US55,Wisconsin
5/16/2020,5/9/2020,04000US08,Colorado,18054,246507,2666358,9.25,1.5896E+12,"May 16th, 2020",04000US08,Colorado
5/16/2020,5/9/2020,04000US22,Louisiana,28545,326504,1891334,17.26,1.5896E+12,"May 16th, 2020",04000US22,Louisiana
5/16/2020,5/9/2020,04000US27,Minnesota,28893,427690,2864234,14.93,1.5896E+12,"May 16th, 2020",04000US27,Minnesota
5/16/2020,5/9/2020,04000US34,New Jersey,42365,601770,4025826,14.95,1.5896E+12,"May 16th, 2020",04000US34,New Jersey
5/16/2020,5/9/2020,04000US55,Wisconsin,31287,308397,2853837,10.81,1.5896E+12,"May 16th, 2020",04000US55,Wisconsin
5/9/2020,5/2/2020,04000US08,Colorado,22732,261951,2666358,9.82,1.589E+12,"May 9th, 2020",04000US08,Colorado
5/9/2020,5/2/2020,04000US22,Louisiana,40125,325136,1891334,17.19,1.589E+12,"May 9th, 2020",04000US22,Louisiana
5/9/2020,5/2/2020,04000US27,Minnesota,37669,429187,2864234,14.98,1.589E+12,"May 9th, 2020",04000US27,Minnesota
5/9/2020,5/2/2020,04000US34,New Jersey,69689,715433,4025826,17.77,1.589E+12,"May 9th, 2020",04000US34,New Jersey
5/9/2020,5/2/2020,04000US55,Wisconsin,38710,313248,2853837,10.98,1.589E+12,"May 9th, 2020",04000US55,Wisconsin
5/2/2020,4/25/2020,04000US08,Colorado,28360,228683,2666358,8.58,1.58839E+12,"May 2nd, 2020",04000US08,Colorado
5/2/2020,4/25/2020,04000US22,Louisiana,50941,310013,1891334,16.39,1.58839E+12,"May 2nd, 2020",04000US22,Louisiana
5/2/2020,4/25/2020,04000US27,Minnesota,41492,420212,2864234,14.67,1.58839E+12,"May 2nd, 2020",04000US27,Minnesota
5/2/2020,4/25/2020,04000US34,New Jersey,88326,642651,4025826,15.96,1.58839E+12,"May 2nd, 2020",04000US34,New Jersey
5/2/2020,4/25/2020,04000US55,Wisconsin,37885,314025,2853837,11,1.58839E+12,"May 2nd, 2020",04000US55,Wisconsin
4/25/2020,4/18/2020,04000US08,Colorado,38662,228713,2666358,8.58,1.58779E+12,"April 25th, 2020",04000US08,Colorado
4/25/2020,4/18/2020,04000US22,Louisiana,66141,300657,1891334,15.9,1.58779E+12,"April 25th, 2020",04000US22,Louisiana
4/25/2020,4/18/2020,04000US27,Minnesota,48595,416993,2864234,14.56,1.58779E+12,"April 25th, 2020",04000US27,Minnesota
4/25/2020,4/18/2020,04000US34,New Jersey,71966,621753,4025826,15.44,1.58779E+12,"April 25th, 2020",04000US34,New Jersey
4/25/2020,4/18/2020,04000US55,Wisconsin,49993,321063,2853837,11.25,1.58779E+12,"April 25th, 2020",04000US55,Wisconsin
4/18/2020,4/11/2020,04000US08,Colorado,67639,171434,2666358,6.43,1.58718E+12,"April 18th, 2020",04000US08,Colorado
4/18/2020,4/11/2020,04000US22,Louisiana,91923,246296,1891334,13.02,1.58718E+12,"April 18th, 2020",04000US22,Louisiana
4/18/2020,4/11/2020,04000US27,Minnesota,74829,391284,2864234,13.66,1.58718E+12,"April 18th, 2020",04000US27,Minnesota
4/18/2020,4/11/2020,04000US34,New Jersey,140139,556005,4025826,13.81,1.58718E+12,"April 18th, 2020",04000US34,New Jersey
4/18/2020,4/11/2020,04000US55,Wisconsin,55883,299532,2853837,10.5,1.58718E+12,"April 18th, 2020",04000US55,Wisconsin
4/11/2020,4/4/2020,04000US08,Colorado,104572,166593,2666358,6.25,1.58658E+12,"April 11th, 2020",04000US08,Colorado
4/11/2020,4/4/2020,04000US22,Louisiana,79653,217532,1891334,11.5,1.58658E+12,"April 11th, 2020",04000US22,Louisiana
4/11/2020,4/4/2020,04000US27,Minnesota,93133,341578,2864234,11.93,1.58658E+12,"April 11th, 2020",04000US27,Minnesota
4/11/2020,4/4/2020,04000US34,New Jersey,141420,429388,4025826,10.67,1.58658E+12,"April 11th, 2020",04000US34,New Jersey
4/11/2020,4/4/2020,04000US55,Wisconsin,70000,262847,2853837,9.21,1.58658E+12,"April 11th, 2020",04000US55,Wisconsin
4/4/2020,3/28/2020,04000US08,Colorado,46326,73584,2650335,2.78,1.58597E+12,"April 4th, 2020",04000US08,Colorado
4/4/2020,3/28/2020,04000US22,Louisiana,100621,116690,1892522,6.17,1.58597E+12,"April 4th, 2020",04000US22,Louisiana
4/4/2020,3/28/2020,04000US27,Minnesota,110260,248023,2859937,8.67,1.58597E+12,"April 4th, 2020",04000US27,Minnesota
4/4/2020,3/28/2020,04000US34,New Jersey,214836,276119,4015146,6.88,1.58597E+12,"April 4th, 2020",04000US34,New Jersey
4/4/2020,3/28/2020,04000US55,Wisconsin,104823,208387,2851929,7.31,1.58597E+12,"April 4th, 2020",04000US55,Wisconsin
3/28/2020,3/21/2020,04000US08,Colorado,61838,21956,2650335,0.83,1.58537E+12,"March 28th, 2020",04000US08,Colorado
3/28/2020,3/21/2020,04000US22,Louisiana,97400,58027,1892522,3.07,1.58537E+12,"March 28th, 2020",04000US22,Louisiana
3/28/2020,3/21/2020,04000US27,Minnesota,109095,160873,2859937,5.63,1.58537E+12,"March 28th, 2020",04000US27,Minnesota
3/28/2020,3/21/2020,04000US34,New Jersey,206253,156181,4015146,3.89,1.58537E+12,"March 28th, 2020",04000US34,New Jersey
3/28/2020,3/21/2020,04000US55,Wisconsin,110934,99574,2851929,3.49,1.58537E+12,"March 28th, 2020",04000US55,Wisconsin
3/21/2020,3/14/2020,04000US08,Colorado,19774,21309,2650335,0.8,1.58476E+12,"March 21st, 2020",04000US08,Colorado
3/21/2020,3/14/2020,04000US22,Louisiana,72438,14143,1892522,0.75,1.58476E+12,"March 21st, 2020",04000US22,Louisiana
3/21/2020,3/14/2020,04000US27,Minnesota,115773,66787,2859937,2.34,1.58476E+12,"March 21st, 2020",04000US27,Minnesota
3/21/2020,3/14/2020,04000US34,New Jersey,115815,105840,4015146,2.64,1.58476E+12,"March 21st, 2020",04000US34,New Jersey
3/21/2020,3/14/2020,04000US55,Wisconsin,51031,43607,2851929,1.53,1.58476E+12,"March 21st, 2020",04000US55,Wisconsin
3/14/2020,3/7/2020,04000US08,Colorado,2321,21260,2650335,0.8,1.58416E+12,"March 14th, 2020",04000US08,Colorado
3/14/2020,3/7/2020,04000US22,Louisiana,2255,13987,1892522,0.74,1.58416E+12,"March 14th, 2020",04000US22,Louisiana
3/14/2020,3/7/2020,04000US27,Minnesota,4010,61781,2859937,2.16,1.58416E+12,"March 14th, 2020",04000US27,Minnesota
3/14/2020,3/7/2020,04000US34,New Jersey,9467,104283,4015146,2.6,1.58416E+12,"March 14th, 2020",04000US34,New Jersey
3/14/2020,3/7/2020,04000US55,Wisconsin,5190,40738,2851929,1.43,1.58416E+12,"March 14th, 2020",04000US55,Wisconsin
3/7/2020,2/29/2020,04000US08,Colorado,1865,22908,2650335,0.86,1.58356E+12,"March 7th, 2020",04000US08,Colorado
3/7/2020,2/29/2020,04000US22,Louisiana,1698,14199,1892522,0.75,1.58356E+12,"March 7th, 2020",04000US22,Louisiana
3/7/2020,2/29/2020,04000US27,Minnesota,3488,62767,2859937,2.19,1.58356E+12,"March 7th, 2020",04000US27,Minnesota
3/7/2020,2/29/2020,04000US34,New Jersey,7996,107646,4015146,2.68,1.58356E+12,"March 7th, 2020",04000US34,New Jersey
3/7/2020,2/29/2020,04000US55,Wisconsin,5052,42337,2851929,1.48,1.58356E+12,"March 7th, 2020",04000US55,Wisconsin
2/29/2020,2/22/2020,04000US08,Colorado,1681,22409,2650335,0.85,1.58295E+12,"February 29th, 2020",04000US08,Colorado
2/29/2020,2/22/2020,04000US22,Louisiana,1509,15289,1892522,0.81,1.58295E+12,"February 29th, 2020",04000US22,Louisiana
2/29/2020,2/22/2020,04000US27,Minnesota,3410,61696,2859937,2.16,1.58295E+12,"February 29th, 2020",04000US27,Minnesota
2/29/2020,2/22/2020,04000US34,New Jersey,7773,110902,4015146,2.76,1.58295E+12,"February 29th, 2020",04000US34,New Jersey
2/29/2020,2/22/2020,04000US55,Wisconsin,5658,43574,2851929,1.53,1.58295E+12,"February 29th, 2020",04000US55,Wisconsin
2/22/2020,2/15/2020,04000US08,Colorado,1862,23694,2650335,0.89,1.58235E+12,"February 22nd, 2020",04000US08,Colorado
2/22/2020,2/15/2020,04000US22,Louisiana,1798,14640,1892522,0.77,1.58235E+12,"February 22nd, 2020",04000US22,Louisiana
2/22/2020,2/15/2020,04000US27,Minnesota,3539,62200,2859937,2.17,1.58235E+12,"February 22nd, 2020",04000US27,Minnesota
2/22/2020,2/15/2020,04000US34,New Jersey,8396,109265,4015146,2.72,1.58235E+12,"February 22nd, 2020",04000US34,New Jersey
2/22/2020,2/15/2020,04000US55,Wisconsin,6098,43996,2851929,1.54,1.58235E+12,"February 22nd, 2020",04000US55,Wisconsin
2/15/2020,2/8/2020,04000US08,Colorado,2209,22076,2650335,0.83,1.58174E+12,"February 15th, 2020",04000US08,Colorado
2/15/2020,2/8/2020,04000US22,Louisiana,1739,15057,1892522,0.8,1.58174E+12,"February 15th, 2020",04000US22,Louisiana
2/15/2020,2/8/2020,04000US27,Minnesota,3641,63956,2859937,2.24,1.58174E+12,"February 15th, 2020",04000US27,Minnesota
2/15/2020,2/8/2020,04000US34,New Jersey,8550,110016,4015146,2.74,1.58174E+12,"February 15th, 2020",04000US34,New Jersey
2/15/2020,2/8/2020,04000US55,Wisconsin,5808,44163,2851929,1.55,1.58174E+12,"February 15th, 2020",04000US55,Wisconsin
2/8/2020,2/1/2020,04000US08,Colorado,2482,22881,2650335,0.86,1.58114E+12,"February 8th, 2020",04000US08,Colorado
2/8/2020,2/1/2020,04000US22,Louisiana,1805,15051,1892522,0.8,1.58114E+12,"February 8th, 2020",04000US22,Louisiana
2/8/2020,2/1/2020,04000US27,Minnesota,4108,64105,2859937,2.24,1.58114E+12,"February 8th, 2020",04000US27,Minnesota
2/8/2020,2/1/2020,04000US34,New Jersey,9288,109931,4015146,2.74,1.58114E+12,"February 8th, 2020",04000US34,New Jersey
2/8/2020,2/1/2020,04000US55,Wisconsin,6579,44477,2851929,1.56,1.58114E+12,"February 8th, 2020",04000US55,Wisconsin
2/1/2020,1/25/2020,04000US08,Colorado,2049,21560,2650335,0.81,1.58053E+12,"February 1st, 2020",04000US08,Colorado
2/1/2020,1/25/2020,04000US22,Louisiana,2058,16189,1892522,0.86,1.58053E+12,"February 1st, 2020",04000US22,Louisiana
2/1/2020,1/25/2020,04000US27,Minnesota,3700,62189,2859937,2.17,1.58053E+12,"February 1st, 2020",04000US27,Minnesota
2/1/2020,1/25/2020,04000US34,New Jersey,8304,110022,4015146,2.74,1.58053E+12,"February 1st, 2020",04000US34,New Jersey
2/1/2020,1/25/2020,04000US55,Wisconsin,6280,44425,2851929,1.56,1.58053E+12,"February 1st, 2020",04000US55,Wisconsin
1/25/2020,1/18/2020,04000US08,Colorado,2164,22738,2650335,0.86,1.57993E+12,"January 25th, 2020",04000US08,Colorado
1/25/2020,1/18/2020,04000US22,Louisiana,1878,15500,1892522,0.82,1.57993E+12,"January 25th, 2020",04000US22,Louisiana
1/25/2020,1/18/2020,04000US27,Minnesota,3931,61704,2859937,2.16,1.57993E+12,"January 25th, 2020",04000US27,Minnesota
1/25/2020,1/18/2020,04000US34,New Jersey,9325,107082,4015146,2.67,1.57993E+12,"January 25th, 2020",04000US34,New Jersey
1/25/2020,1/18/2020,04000US55,Wisconsin,6134,44077,2851929,1.55,1.57993E+12,"January 25th, 2020",04000US55,Wisconsin
1/18/2020,1/11/2020,04000US08,Colorado,2522,21104,2650335,0.8,1.57932E+12,"January 18th, 2020",04000US08,Colorado
1/18/2020,1/11/2020,04000US22,Louisiana,2008,16076,1892522,0.85,1.57932E+12,"January 18th, 2020",04000US22,Louisiana
1/18/2020,1/11/2020,04000US27,Minnesota,4463,62628,2859937,2.19,1.57932E+12,"January 18th, 2020",04000US27,Minnesota
1/18/2020,1/11/2020,04000US34,New Jersey,10728,108425,4015146,2.7,1.57932E+12,"January 18th, 2020",04000US34,New Jersey
1/18/2020,1/11/2020,04000US55,Wisconsin,6388,44776,2851929,1.57,1.57932E+12,"January 18th, 2020",04000US55,Wisconsin
1/11/2020,1/4/2020,04000US08,Colorado,3001,21492,2650335,0.81,1.57872E+12,"January 11th, 2020",04000US08,Colorado
1/11/2020,1/4/2020,04000US22,Louisiana,2521,15957,1892522,0.84,1.57872E+12,"January 11th, 2020",04000US22,Louisiana
1/11/2020,1/4/2020,04000US27,Minnesota,5933,66377,2859937,2.32,1.57872E+12,"January 11th, 2020",04000US27,Minnesota
1/11/2020,1/4/2020,04000US34,New Jersey,13469,120461,4015146,3,1.57872E+12,"January 11th, 2020",04000US34,New Jersey
1/11/2020,1/4/2020,04000US55,Wisconsin,8255,53305,2851929,1.87,1.57872E+12,"January 11th, 2020",04000US55,Wisconsin
1/4/2020,12/28/2019,04000US08,Colorado,2431,21391,2635231,0.81,1.57811E+12,"January 4th, 2020",04000US08,Colorado
1/4/2020,12/28/2019,04000US22,Louisiana,1658,16553,1890973,0.88,1.57811E+12,"January 4th, 2020",04000US22,Louisiana
1/4/2020,12/28/2019,04000US27,Minnesota,7293,68226,2853412,2.39,1.57811E+12,"January 4th, 2020",04000US27,Minnesota
1/4/2020,12/28/2019,04000US34,New Jersey,15325,111335,4007202,2.78,1.57811E+12,"January 4th, 2020",04000US34,New Jersey
1/4/2020,12/28/2019,04000US55,Wisconsin,12854,49605,2848173,1.74,1.57811E+12,"January 4th, 2020",04000US55,Wisconsin
12/28/2019,12/21/2019,04000US08,Colorado,1723,18779,2635231,0.71,1.57751E+12,"December 28th, 2019",04000US08,Colorado
12/28/2019,12/21/2019,04000US22,Louisiana,1469,15270,1890973,0.81,1.57751E+12,"December 28th, 2019",04000US22,Louisiana
12/28/2019,12/21/2019,04000US27,Minnesota,6163,54605,2853412,1.91,1.57751E+12,"December 28th, 2019",04000US27,Minnesota
12/28/2019,12/21/2019,04000US34,New Jersey,22855,89248,4007202,2.23,1.57751E+12,"December 28th, 2019",04000US34,New Jersey
12/28/2019,12/21/2019,04000US55,Wisconsin,10483,36158,2848173,1.27,1.57751E+12,"December 28th, 2019",04000US55,Wisconsin
12/21/2019,12/14/2019,04000US08,Colorado,2360,19837,2635231,0.75,1.5769E+12,"December 21st, 2019",04000US08,Colorado
12/21/2019,12/14/2019,04000US22,Louisiana,2218,15358,1890973,0.81,1.5769E+12,"December 21st, 2019",04000US22,Louisiana
12/21/2019,12/14/2019,04000US27,Minnesota,6816,53647,2853412,1.88,1.5769E+12,"December 21st, 2019",04000US27,Minnesota
12/21/2019,12/14/2019,04000US34,New Jersey,13001,89206,4007202,2.23,1.5769E+12,"December 21st, 2019",04000US34,New Jersey
12/21/2019,12/14/2019,04000US55,Wisconsin,7776,35984,2848173,1.26,1.5769E+12,"December 21st, 2019",04000US55,Wisconsin
12/14/2019,12/7/2019,04000US08,Colorado,2279,19433,2635231,0.74,1.5763E+12,"December 14th, 2019",04000US08,Colorado
12/14/2019,12/7/2019,04000US22,Louisiana,2227,14705,1890973,0.78,1.5763E+12,"December 14th, 2019",04000US22,Louisiana
12/14/2019,12/7/2019,04000US27,Minnesota,6797,49460,2853412,1.73,1.5763E+12,"December 14th, 2019",04000US27,Minnesota
12/14/2019,12/7/2019,04000US34,New Jersey,10806,85764,4007202,2.14,1.5763E+12,"December 14th, 2019",04000US34,New Jersey
12/14/2019,12/7/2019,04000US55,Wisconsin,6794,33276,2848173,1.17,1.5763E+12,"December 14th, 2019",04000US55,Wisconsin
12/7/2019,11/30/2019,04000US08,Colorado,3162,19664,2635231,0.75,1.57569E+12,"December 7th, 2019",04000US08,Colorado
12/7/2019,11/30/2019,04000US22,Louisiana,2448,14563,1890973,0.77,1.57569E+12,"December 7th, 2019",04000US22,Louisiana
12/7/2019,11/30/2019,04000US27,Minnesota,9159,50034,2853412,1.75,1.57569E+12,"December 7th, 2019",04000US27,Minnesota
12/7/2019,11/30/2019,04000US34,New Jersey,12463,87903,4007202,2.19,1.57569E+12,"December 7th, 2019",04000US34,New Jersey
12/7/2019,11/30/2019,04000US55,Wisconsin,10564,37499,2848173,1.32,1.57569E+12,"December 7th, 2019",04000US55,Wisconsin
11/30/2019,11/23/2019,04000US08,Colorado,1910,17224,2635231,0.65,1.57509E+12,"November 30th, 2019",04000US08,Colorado
11/30/2019,11/23/2019,04000US22,Louisiana,1507,14451,1890973,0.76,1.57509E+12,"November 30th, 2019",04000US22,Louisiana
11/30/2019,11/23/2019,04000US27,Minnesota,5563,39441,2853412,1.38,1.57509E+12,"November 30th, 2019",04000US27,Minnesota
11/30/2019,11/23/2019,04000US34,New Jersey,9149,78017,4007202,1.95,1.57509E+12,"November 30th, 2019",04000US34,New Jersey
11/30/2019,11/23/2019,04000US55,Wisconsin,8129,27603,2848173,0.97,1.57509E+12,"November 30th, 2019",04000US55,Wisconsin
11/23/2019,11/16/2019,04000US08,Colorado,2302,17971,2635231,0.68,1.57449E+12,"November 23rd, 2019",04000US08,Colorado
11/23/2019,11/16/2019,04000US22,Louisiana,1903,13955,1890973,0.74,1.57449E+12,"November 23rd, 2019",04000US22,Louisiana
11/23/2019,11/16/2019,04000US27,Minnesota,7297,38348,2853412,1.34,1.57449E+12,"November 23rd, 2019",04000US27,Minnesota
11/23/2019,11/16/2019,04000US34,New Jersey,9523,79682,4007202,1.99,1.57449E+12,"November 23rd, 2019",04000US34,New Jersey
11/23/2019,11/16/2019,04000US55,Wisconsin,7396,26913,2848173,0.94,1.57449E+12,"November 23rd, 2019",04000US55,Wisconsin
11/16/2019,11/9/2019,04000US08,Colorado,2141,17887,2635231,0.68,1.57388E+12,"November 16th, 2019",04000US08,Colorado
11/16/2019,11/9/2019,04000US22,Louisiana,2102,13675,1890973,0.72,1.57388E+12,"November 16th, 2019",04000US22,Louisiana
11/16/2019,11/9/2019,04000US27,Minnesota,7476,31618,2853412,1.11,1.57388E+12,"November 16th, 2019",04000US27,Minnesota
11/16/2019,11/9/2019,04000US34,New Jersey,8978,78801,4007202,1.97,1.57388E+12,"November 16th, 2019",04000US34,New Jersey
11/16/2019,11/9/2019,04000US55,Wisconsin,6642,23174,2848173,0.81,1.57388E+12,"November 16th, 2019",04000US55,Wisconsin
11/9/2019,11/2/2019,04000US08,Colorado,2318,16845,2635231,0.64,1.57328E+12,"November 9th, 2019",04000US08,Colorado
11/9/2019,11/2/2019,04000US22,Louisiana,2272,13410,1890973,0.71,1.57328E+12,"November 9th, 2019",04000US22,Louisiana
11/9/2019,11/2/2019,04000US27,Minnesota,6032,27415,2853412,0.96,1.57328E+12,"November 9th, 2019",04000US27,Minnesota
11/9/2019,11/2/2019,04000US34,New Jersey,12747,75018,4007202,1.87,1.57328E+12,"November 9th, 2019",04000US34,New Jersey
11/9/2019,11/2/2019,04000US55,Wisconsin,5847,22085,2848173,0.78,1.57328E+12,"November 9th, 2019",04000US55,Wisconsin
11/2/2019,10/26/2019,04000US08,Colorado,3112,16374,2635231,0.62,1.57267E+12,"November 2nd, 2019",04000US08,Colorado
11/2/2019,10/26/2019,04000US22,Louisiana,1762,13852,1890973,0.73,1.57267E+12,"November 2nd, 2019",04000US22,Louisiana
11/2/2019,10/26/2019,04000US27,Minnesota,3915,24507,2853412,0.86,1.57267E+12,"November 2nd, 2019",04000US27,Minnesota
11/2/2019,10/26/2019,04000US34,New Jersey,7550,72909,4007202,1.82,1.57267E+12,"November 2nd, 2019",04000US34,New Jersey
11/2/2019,10/26/2019,04000US55,Wisconsin,4827,20121,2848173,0.71,1.57267E+12,"November 2nd, 2019",04000US55,Wisconsin
10/26/2019,10/19/2019,04000US08,Colorado,1849,16182,2635231,0.61,1.57206E+12,"October 26th, 2019",04000US08,Colorado
10/26/2019,10/19/2019,04000US22,Louisiana,1867,13445,1890973,0.71,1.57206E+12,"October 26th, 2019",04000US22,Louisiana
10/26/2019,10/19/2019,04000US27,Minnesota,3309,23431,2853412,0.82,1.57206E+12,"October 26th, 2019",04000US27,Minnesota
10/26/2019,10/19/2019,04000US34,New Jersey,7990,72947,4007202,1.82,1.57206E+12,"October 26th, 2019",04000US34,New Jersey
10/26/2019,10/19/2019,04000US55,Wisconsin,3911,19430,2848173,0.68,1.57206E+12,"October 26th, 2019",04000US55,Wisconsin
10/19/2019,10/12/2019,04000US08,Colorado,1879,15647,2635231,0.59,1.57146E+12,"October 19th, 2019",04000US08,Colorado
10/19/2019,10/12/2019,04000US22,Louisiana,1792,13383,1890973,0.71,1.57146E+12,"October 19th, 2019",04000US22,Louisiana
10/19/2019,10/12/2019,04000US27,Minnesota,2836,22621,2853412,0.79,1.57146E+12,"October 19th, 2019",04000US27,Minnesota
10/19/2019,10/12/2019,04000US34,New Jersey,7482,71216,4007202,1.78,1.57146E+12,"October 19th, 2019",04000US34,New Jersey
10/19/2019,10/12/2019,04000US55,Wisconsin,3536,18962,2848173,0.67,1.57146E+12,"October 19th, 2019",04000US55,Wisconsin
10/12/2019,10/5/2019,04000US08,Colorado,2002,14966,2635231,0.57,1.57085E+12,"October 12th, 2019",04000US08,Colorado
10/12/2019,10/5/2019,04000US22,Louisiana,2069,13420,1890973,0.71,1.57085E+12,"October 12th, 2019",04000US22,Louisiana
10/12/2019,10/5/2019,04000US27,Minnesota,2953,22904,2853412,0.8,1.57085E+12,"October 12th, 2019",04000US27,Minnesota
10/12/2019,10/5/2019,04000US34,New Jersey,7706,71529,3995886,1.79,1.57085E+12,"October 12th, 2019",04000US34,New Jersey
10/12/2019,10/5/2019,04000US55,Wisconsin,3888,19041,2848173,0.67,1.57085E+12,"October 12th, 2019",04000US55,Wisconsin
10/5/2019,9/28/2019,04000US08,Colorado,1967,15426,2620560,0.59,1.57025E+12,"October 5th, 2019",04000US08,Colorado
10/5/2019,9/28/2019,04000US22,Louisiana,1961,14153,1887439,0.75,1.57025E+12,"October 5th, 2019",04000US22,Louisiana
10/5/2019,9/28/2019,04000US27,Minnesota,2795,22020,2849124,0.77,1.57025E+12,"October 5th, 2019",04000US27,Minnesota
10/5/2019,9/28/2019,04000US34,New Jersey,7721,71660,3995886,1.79,1.57025E+12,"October 5th, 2019",04000US34,New Jersey
10/5/2019,9/28/2019,04000US55,Wisconsin,3773,18508,2845276,0.65,1.57025E+12,"October 5th, 2019",04000US55,Wisconsin
9/28/2019,9/21/2019,04000US08,Colorado,1429,15283,2620560,0.58,1.56964E+12,"September 28th, 2019",04000US08,Colorado
9/28/2019,9/21/2019,04000US22,Louisiana,1612,14054,1887439,0.74,1.56964E+12,"September 28th, 2019",04000US22,Louisiana
9/28/2019,9/21/2019,04000US27,Minnesota,2440,21834,2849124,0.77,1.56964E+12,"September 28th, 2019",04000US27,Minnesota
9/28/2019,9/21/2019,04000US34,New Jersey,6699,72053,3995886,1.8,1.56964E+12,"September 28th, 2019",04000US34,New Jersey
9/28/2019,9/21/2019,04000US55,Wisconsin,2993,18491,2845276,0.65,1.56964E+12,"September 28th, 2019",04000US55,Wisconsin
9/21/2019,9/14/2019,04000US08,Colorado,1418,15379,2620560,0.59,1.56904E+12,"September 21st, 2019",04000US08,Colorado
9/21/2019,9/14/2019,04000US22,Louisiana,1653,14515,1887439,0.77,1.56904E+12,"September 21st, 2019",04000US22,Louisiana
9/21/2019,9/14/2019,04000US27,Minnesota,2650,22327,2849124,0.78,1.56904E+12,"September 21st, 2019",04000US27,Minnesota
9/21/2019,9/14/2019,04000US34,New Jersey,6718,73417,3995886,1.84,1.56904E+12,"September 21st, 2019",04000US34,New Jersey
9/21/2019,9/14/2019,04000US55,Wisconsin,3151,18955,2845276,0.67,1.56904E+12,"September 21st, 2019",04000US55,Wisconsin
9/14/2019,9/7/2019,04000US08,Colorado,1467,15597,2620560,0.6,1.56843E+12,"September 14th, 2019",04000US08,Colorado
9/14/2019,9/7/2019,04000US22,Louisiana,1806,14792,1887439,0.78,1.56843E+12,"September 14th, 2019",04000US22,Louisiana
9/14/2019,9/7/2019,04000US27,Minnesota,2664,22704,2849124,0.8,1.56843E+12,"September 14th, 2019",04000US27,Minnesota
9/14/2019,9/7/2019,04000US34,New Jersey,7455,83934,3995886,2.1,1.56843E+12,"September 14th, 2019",04000US34,New Jersey
9/14/2019,9/7/2019,04000US55,Wisconsin,3594,20411,2845276,0.72,1.56843E+12,"September 14th, 2019",04000US55,Wisconsin
9/7/2019,8/31/2019,04000US08,Colorado,1465,15460,2620560,0.59,1.56783E+12,"September 7th, 2019",04000US08,Colorado
9/7/2019,8/31/2019,04000US22,Louisiana,1683,15215,1887439,0.81,1.56783E+12,"September 7th, 2019",04000US22,Louisiana
9/7/2019,8/31/2019,04000US27,Minnesota,2413,23158,2849124,0.81,1.56783E+12,"September 7th, 2019",04000US27,Minnesota
9/7/2019,8/31/2019,04000US34,New Jersey,6658,92978,3995886,2.33,1.56783E+12,"September 7th, 2019",04000US34,New Jersey
9/7/2019,8/31/2019,04000US55,Wisconsin,3826,23006,2845276,0.81,1.56783E+12,"September 7th, 2019",04000US55,Wisconsin
8/31/2019,8/24/2019,04000US08,Colorado,1510,15947,2620560,0.61,1.56722E+12,"August 31st, 2019",04000US08,Colorado
8/31/2019,8/24/2019,04000US22,Louisiana,1881,15678,1887439,0.83,1.56722E+12,"August 31st, 2019",04000US22,Louisiana
8/31/2019,8/24/2019,04000US27,Minnesota,2216,23412,2849124,0.82,1.56722E+12,"August 31st, 2019",04000US27,Minnesota
8/31/2019,8/24/2019,04000US34,New Jersey,7103,94789,3995886,2.37,1.56722E+12,"August 31st, 2019",04000US34,New Jersey
8/31/2019,8/24/2019,04000US55,Wisconsin,3787,23279,2845276,0.82,1.56722E+12,"August 31st, 2019",04000US55,Wisconsin
8/24/2019,8/17/2019,04000US08,Colorado,1486,16298,2620560,0.62,1.56662E+12,"August 24th, 2019",04000US08,Colorado
8/24/2019,8/17/2019,04000US22,Louisiana,1972,16141,1887439,0.86,1.56662E+12,"August 24th, 2019",04000US22,Louisiana
8/24/2019,8/17/2019,04000US27,Minnesota,2139,24134,2849124,0.85,1.56662E+12,"August 24th, 2019",04000US27,Minnesota
8/24/2019,8/17/2019,04000US34,New Jersey,7746,95509,3995886,2.39,1.56662E+12,"August 24th, 2019",04000US34,New Jersey
8/24/2019,8/17/2019,04000US55,Wisconsin,3190,24157,2845276,0.85,1.56662E+12,"August 24th, 2019",04000US55,Wisconsin
8/17/2019,8/10/2019,04000US08,Colorado,1471,16765,2620560,0.64,1.56601E+12,"August 17th, 2019",04000US08,Colorado
8/17/2019,8/10/2019,04000US22,Louisiana,1994,16787,1887439,0.89,1.56601E+12,"August 17th, 2019",04000US22,Louisiana
8/17/2019,8/10/2019,04000US27,Minnesota,2175,25429,2849124,0.89,1.56601E+12,"August 17th, 2019",04000US27,Minnesota
8/17/2019,8/10/2019,04000US34,New Jersey,7541,94922,3995886,2.38,1.56601E+12,"August 17th, 2019",04000US34,New Jersey
8/17/2019,8/10/2019,04000US55,Wisconsin,3369,25087,2845276,0.88,1.56601E+12,"August 17th, 2019",04000US55,Wisconsin
8/10/2019,8/3/2019,04000US08,Colorado,1542,16862,2620560,0.64,1.56541E+12,"August 10th, 2019",04000US08,Colorado
8/10/2019,8/3/2019,04000US22,Louisiana,2081,17513,1887439,0.93,1.56541E+12,"August 10th, 2019",04000US22,Louisiana
8/10/2019,8/3/2019,04000US27,Minnesota,2297,26040,2849124,0.91,1.56541E+12,"August 10th, 2019",04000US27,Minnesota
8/10/2019,8/3/2019,04000US34,New Jersey,8224,95093,3995886,2.38,1.56541E+12,"August 10th, 2019",04000US34,New Jersey
8/10/2019,8/3/2019,04000US55,Wisconsin,3833,25799,2845276,0.91,1.56541E+12,"August 10th, 2019",04000US55,Wisconsin
8/3/2019,7/27/2019,04000US08,Colorado,1512,17233,2620560,0.66,1.5648E+12,"August 3rd, 2019",04000US08,Colorado
8/3/2019,7/27/2019,04000US22,Louisiana,2126,18179,1887439,0.96,1.5648E+12,"August 3rd, 2019",04000US22,Louisiana
8/3/2019,7/27/2019,04000US27,Minnesota,2071,25834,2849124,0.91,1.5648E+12,"August 3rd, 2019",04000US27,Minnesota
8/3/2019,7/27/2019,04000US34,New Jersey,8205,95886,3995886,2.4,1.5648E+12,"August 3rd, 2019",04000US34,New Jersey
8/3/2019,7/27/2019,04000US55,Wisconsin,3702,25235,2845276,0.89,1.5648E+12,"August 3rd, 2019",04000US55,Wisconsin
7/27/2019,7/20/2019,04000US08,Colorado,1460,16994,2620560,0.65,1.5642E+12,"July 27th, 2019",04000US08,Colorado
7/27/2019,7/20/2019,04000US22,Louisiana,2022,17740,1887439,0.94,1.5642E+12,"July 27th, 2019",04000US22,Louisiana
7/27/2019,7/20/2019,04000US27,Minnesota,2099,26171,2849124,0.92,1.5642E+12,"July 27th, 2019",04000US27,Minnesota
7/27/2019,7/20/2019,04000US34,New Jersey,7265,96801,3995886,2.42,1.5642E+12,"July 27th, 2019",04000US34,New Jersey
7/27/2019,7/20/2019,04000US55,Wisconsin,3427,25635,2845276,0.9,1.5642E+12,"July 27th, 2019",04000US55,Wisconsin
7/20/2019,7/13/2019,04000US08,Colorado,1506,17249,2620560,0.66,1.5636E+12,"July 20th, 2019",04000US08,Colorado
7/20/2019,7/13/2019,04000US22,Louisiana,2349,17688,1887439,0.94,1.5636E+12,"July 20th, 2019",04000US22,Louisiana
7/20/2019,7/13/2019,04000US27,Minnesota,2336,26745,2849124,0.94,1.5636E+12,"July 20th, 2019",04000US27,Minnesota
7/20/2019,7/13/2019,04000US34,New Jersey,8070,97560,3995886,2.44,1.5636E+12,"July 20th, 2019",04000US34,New Jersey
7/20/2019,7/13/2019,04000US55,Wisconsin,3441,26526,2845276,0.93,1.5636E+12,"July 20th, 2019",04000US55,Wisconsin
7/13/2019,7/6/2019,04000US08,Colorado,1809,16974,2620560,0.65,1.56299E+12,"July 13th, 2019",04000US08,Colorado
7/13/2019,7/6/2019,04000US22,Louisiana,2410,17408,1887439,0.92,1.56299E+12,"July 13th, 2019",04000US22,Louisiana
7/13/2019,7/6/2019,04000US27,Minnesota,4095,30143,2849124,1.06,1.56299E+12,"July 13th, 2019",04000US27,Minnesota
7/13/2019,7/6/2019,04000US34,New Jersey,8910,98783,3995886,2.47,1.56299E+12,"July 13th, 2019",04000US34,New Jersey
7/13/2019,7/6/2019,04000US55,Wisconsin,5475,29809,2845276,1.05,1.56299E+12,"July 13th, 2019",04000US55,Wisconsin
7/6/2019,6/29/2019,04000US08,Colorado,1450,17305,2605045,0.66,1.56239E+12,"July 6th, 2019",04000US08,Colorado
7/6/2019,6/29/2019,04000US22,Louisiana,1844,17097,1882518,0.91,1.56239E+12,"July 6th, 2019",04000US22,Louisiana
7/6/2019,6/29/2019,04000US27,Minnesota,3189,26460,2841346,0.93,1.56239E+12,"July 6th, 2019",04000US27,Minnesota
7/6/2019,6/29/2019,04000US34,New Jersey,12612,87044,3986579,2.18,1.56239E+12,"July 6th, 2019",04000US34,New Jersey
7/6/2019,6/29/2019,04000US55,Wisconsin,5609,24961,2839742,0.88,1.56239E+12,"July 6th, 2019",04000US55,Wisconsin
6/29/2019,6/22/2019,04000US08,Colorado,1355,16960,2605045,0.65,1.56178E+12,"June 29th, 2019",04000US08,Colorado
6/29/2019,6/22/2019,04000US22,Louisiana,2206,17617,1882518,0.94,1.56178E+12,"June 29th, 2019",04000US22,Louisiana
6/29/2019,6/22/2019,04000US27,Minnesota,2999,26120,2841346,0.92,1.56178E+12,"June 29th, 2019",04000US27,Minnesota
6/29/2019,6/22/2019,04000US34,New Jersey,18558,80090,3986579,2.01,1.56178E+12,"June 29th, 2019",04000US34,New Jersey
6/29/2019,6/22/2019,04000US55,Wisconsin,4345,25106,2839742,0.88,1.56178E+12,"June 29th, 2019",04000US55,Wisconsin
6/22/2019,6/15/2019,04000US08,Colorado,1537,18078,2605045,0.69,1.56118E+12,"June 22nd, 2019",04000US08,Colorado
6/22/2019,6/15/2019,04000US22,Louisiana,2238,16630,1882518,0.88,1.56118E+12,"June 22nd, 2019",04000US22,Louisiana
6/22/2019,6/15/2019,04000US27,Minnesota,2593,26186,2841346,0.92,1.56118E+12,"June 22nd, 2019",04000US27,Minnesota
6/22/2019,6/15/2019,04000US34,New Jersey,13644,75852,3986579,1.9,1.56118E+12,"June 22nd, 2019",04000US34,New Jersey
6/22/2019,6/15/2019,04000US55,Wisconsin,5467,23915,2839742,0.84,1.56118E+12,"June 22nd, 2019",04000US55,Wisconsin
6/15/2019,6/8/2019,04000US08,Colorado,1517,17158,2605045,0.66,1.56057E+12,"June 15th, 2019",04000US08,Colorado
6/15/2019,6/8/2019,04000US22,Louisiana,2372,16384,1882518,0.87,1.56057E+12,"June 15th, 2019",04000US22,Louisiana
6/15/2019,6/8/2019,04000US27,Minnesota,2785,26565,2841346,0.93,1.56057E+12,"June 15th, 2019",04000US27,Minnesota
6/15/2019,6/8/2019,04000US34,New Jersey,8064,75278,3986579,1.89,1.56057E+12,"June 15th, 2019",04000US34,New Jersey
6/15/2019,6/8/2019,04000US55,Wisconsin,5208,21574,2839742,0.76,1.56057E+12,"June 15th, 2019",04000US55,Wisconsin
6/8/2019,6/1/2019,04000US08,Colorado,1978,18061,2605045,0.69,1.55997E+12,"June 8th, 2019",04000US08,Colorado
6/8/2019,6/1/2019,04000US22,Louisiana,2818,15358,1882518,0.82,1.55997E+12,"June 8th, 2019",04000US22,Louisiana
6/8/2019,6/1/2019,04000US27,Minnesota,3350,27623,2841346,0.97,1.55997E+12,"June 8th, 2019",04000US27,Minnesota
6/8/2019,6/1/2019,04000US34,New Jersey,8217,76710,3986579,1.92,1.55997E+12,"June 8th, 2019",04000US34,New Jersey
6/8/2019,6/1/2019,04000US55,Wisconsin,4367,21636,2839742,0.76,1.55997E+12,"June 8th, 2019",04000US55,Wisconsin
6/1/2019,5/25/2019,04000US08,Colorado,1613,17684,2605045,0.68,1.55936E+12,"June 1st, 2019",04000US08,Colorado
6/1/2019,5/25/2019,04000US22,Louisiana,2800,14745,1882518,0.78,1.55936E+12,"June 1st, 2019",04000US22,Louisiana
6/1/2019,5/25/2019,04000US27,Minnesota,2936,27075,2841346,0.95,1.55936E+12,"June 1st, 2019",04000US27,Minnesota
6/1/2019,5/25/2019,04000US34,New Jersey,6230,75880,3986579,1.9,1.55936E+12,"June 1st, 2019",04000US34,New Jersey
6/1/2019,5/25/2019,04000US55,Wisconsin,3753,21075,2839742,0.74,1.55936E+12,"June 1st, 2019",04000US55,Wisconsin
5/25/2019,5/18/2019,04000US08,Colorado,1880,18166,2605045,0.7,1.55876E+12,"May 25th, 2019",04000US08,Colorado
5/25/2019,5/18/2019,04000US22,Louisiana,2742,13528,1882518,0.72,1.55876E+12,"May 25th, 2019",04000US22,Louisiana
5/25/2019,5/18/2019,04000US27,Minnesota,2692,27764,2841346,0.98,1.55876E+12,"May 25th, 2019",04000US27,Minnesota
5/25/2019,5/18/2019,04000US34,New Jersey,7928,75820,3986579,1.9,1.55876E+12,"May 25th, 2019",04000US34,New Jersey
5/25/2019,5/18/2019,04000US55,Wisconsin,3514,21608,2839742,0.76,1.55876E+12,"May 25th, 2019",04000US55,Wisconsin
5/18/2019,5/11/2019,04000US08,Colorado,1617,18533,2605045,0.71,1.55815E+12,"May 18th, 2019",04000US08,Colorado
5/18/2019,5/11/2019,04000US22,Louisiana,2296,13389,1882518,0.71,1.55815E+12,"May 18th, 2019",04000US22,Louisiana
5/18/2019,5/11/2019,04000US27,Minnesota,2713,29351,2841346,1.03,1.55815E+12,"May 18th, 2019",04000US27,Minnesota
5/18/2019,5/11/2019,04000US34,New Jersey,7054,76577,3986579,1.92,1.55815E+12,"May 18th, 2019",04000US34,New Jersey
5/18/2019,5/11/2019,04000US55,Wisconsin,3510,22949,2839742,0.81,1.55815E+12,"May 18th, 2019",04000US55,Wisconsin
5/11/2019,5/4/2019,04000US08,Colorado,1765,18094,2605045,0.69,1.55755E+12,"May 11th, 2019",04000US08,Colorado
5/11/2019,5/4/2019,04000US22,Louisiana,2028,13409,1882518,0.71,1.55755E+12,"May 11th, 2019",04000US22,Louisiana
5/11/2019,5/4/2019,04000US27,Minnesota,2708,33765,2841346,1.19,1.55755E+12,"May 11th, 2019",04000US27,Minnesota
5/11/2019,5/4/2019,04000US34,New Jersey,7672,78725,3986579,1.97,1.55755E+12,"May 11th, 2019",04000US34,New Jersey
5/11/2019,5/4/2019,04000US55,Wisconsin,4230,24838,2839742,0.87,1.55755E+12,"May 11th, 2019",04000US55,Wisconsin
5/4/2019,4/27/2019,04000US08,Colorado,1813,18717,2605045,0.72,1.55694E+12,"May 4th, 2019",04000US08,Colorado
5/4/2019,4/27/2019,04000US22,Louisiana,2009,13841,1882518,0.74,1.55694E+12,"May 4th, 2019",04000US22,Louisiana
5/4/2019,4/27/2019,04000US27,Minnesota,2524,36460,2841346,1.28,1.55694E+12,"May 4th, 2019",04000US27,Minnesota
5/4/2019,4/27/2019,04000US34,New Jersey,7539,89666,3986641,2.25,1.55694E+12,"May 4th, 2019",04000US34,New Jersey
5/4/2019,4/27/2019,04000US55,Wisconsin,4230,26352,2839742,0.93,1.55694E+12,"May 4th, 2019",04000US55,Wisconsin
4/27/2019,4/20/2019,04000US08,Colorado,1945,18239,2605045,0.7,1.55634E+12,"April 27th, 2019",04000US08,Colorado
4/27/2019,4/20/2019,04000US22,Louisiana,2030,13136,1882518,0.7,1.55634E+12,"April 27th, 2019",04000US22,Louisiana
4/27/2019,4/20/2019,04000US27,Minnesota,2667,42077,2841346,1.48,1.55634E+12,"April 27th, 2019",04000US27,Minnesota
4/27/2019,4/20/2019,04000US34,New Jersey,13778,85786,3986641,2.15,1.55634E+12,"April 27th, 2019",04000US34,New Jersey
4/27/2019,4/20/2019,04000US55,Wisconsin,4891,29636,2839742,1.04,1.55634E+12,"April 27th, 2019",04000US55,Wisconsin
4/20/2019,4/13/2019,04000US08,Colorado,1989,19035,2605045,0.73,1.55573E+12,"April 20th, 2019",04000US08,Colorado
4/20/2019,4/13/2019,04000US22,Louisiana,1593,13218,1882518,0.7,1.55573E+12,"April 20th, 2019",04000US22,Louisiana
4/20/2019,4/13/2019,04000US27,Minnesota,3123,46356,2841346,1.63,1.55573E+12,"April 20th, 2019",04000US27,Minnesota
4/20/2019,4/13/2019,04000US34,New Jersey,10737,84194,3986641,2.11,1.55573E+12,"April 20th, 2019",04000US34,New Jersey
4/20/2019,4/13/2019,04000US55,Wisconsin,4902,31454,2839742,1.11,1.55573E+12,"April 20th, 2019",04000US55,Wisconsin
4/13/2019,4/6/2019,04000US08,Colorado,2037,18236,2605045,0.7,1.55513E+12,"April 13th, 2019",04000US08,Colorado
4/13/2019,4/6/2019,04000US22,Louisiana,1887,13414,1882518,0.71,1.55513E+12,"April 13th, 2019",04000US22,Louisiana
4/13/2019,4/6/2019,04000US27,Minnesota,2804,49011,2841346,1.72,1.55513E+12,"April 13th, 2019",04000US27,Minnesota
4/13/2019,4/6/2019,04000US34,New Jersey,7641,88763,3986641,2.23,1.55513E+12,"April 13th, 2019",04000US34,New Jersey
4/13/2019,4/6/2019,04000US55,Wisconsin,4684,33123,2839742,1.17,1.55513E+12,"April 13th, 2019",04000US55,Wisconsin
4/6/2019,3/30/2019,04000US08,Colorado,1903,20735,2588607,0.8,1.55452E+12,"April 6th, 2019",04000US08,Colorado
4/6/2019,3/30/2019,04000US22,Louisiana,1656,13668,1878839,0.73,1.55452E+12,"April 6th, 2019",04000US22,Louisiana
4/6/2019,3/30/2019,04000US27,Minnesota,3136,54561,2832916,1.93,1.55452E+12,"April 6th, 2019",04000US27,Minnesota
4/6/2019,3/30/2019,04000US34,New Jersey,7707,95817,3977211,2.41,1.55452E+12,"April 6th, 2019",04000US34,New Jersey
4/6/2019,3/30/2019,04000US55,Wisconsin,5381,38304,2833042,1.35,1.55452E+12,"April 6th, 2019",04000US55,Wisconsin
3/30/2019,3/23/2019,04000US08,Colorado,1483,20354,2588607,0.79,1.55392E+12,"March 30th, 2019",04000US08,Colorado
3/30/2019,3/23/2019,04000US22,Louisiana,1666,14283,1878839,0.76,1.55392E+12,"March 30th, 2019",04000US22,Louisiana
3/30/2019,3/23/2019,04000US27,Minnesota,3068,55487,2832916,1.96,1.55392E+12,"March 30th, 2019",04000US27,Minnesota
3/30/2019,3/23/2019,04000US34,New Jersey,6894,100024,3977211,2.51,1.55392E+12,"March 30th, 2019",04000US34,New Jersey
3/30/2019,3/23/2019,04000US55,Wisconsin,5678,40083,2833042,1.41,1.55392E+12,"March 30th, 2019",04000US55,Wisconsin
3/23/2019,3/16/2019,04000US08,Colorado,1550,22886,2588607,0.88,1.55331E+12,"March 23rd, 2019",04000US08,Colorado
3/23/2019,3/16/2019,04000US22,Louisiana,1619,14074,1878839,0.75,1.55331E+12,"March 23rd, 2019",04000US22,Louisiana
3/23/2019,3/16/2019,04000US27,Minnesota,3313,57679,2832916,2.04,1.55331E+12,"March 23rd, 2019",04000US27,Minnesota
3/23/2019,3/16/2019,04000US34,New Jersey,7485,104241,3977211,2.62,1.55331E+12,"March 23rd, 2019",04000US34,New Jersey
3/23/2019,3/16/2019,04000US55,Wisconsin,5416,42319,2833042,1.49,1.55331E+12,"March 23rd, 2019",04000US55,Wisconsin
3/16/2019,3/9/2019,04000US08,Colorado,1506,21189,2588607,0.82,1.55271E+12,"March 16th, 2019",04000US08,Colorado
3/16/2019,3/9/2019,04000US22,Louisiana,1661,14268,1878839,0.76,1.55271E+12,"March 16th, 2019",04000US22,Louisiana
3/16/2019,3/9/2019,04000US27,Minnesota,3229,58534,2832916,2.07,1.55271E+12,"March 16th, 2019",04000US27,Minnesota
3/16/2019,3/9/2019,04000US34,New Jersey,7853,107328,3977393,2.7,1.55271E+12,"March 16th, 2019",04000US34,New Jersey
3/16/2019,3/9/2019,04000US55,Wisconsin,5999,43947,2833042,1.55,1.55271E+12,"March 16th, 2019",04000US55,Wisconsin
3/9/2019,3/2/2019,04000US08,Colorado,1891,23142,2588607,0.89,1.55211E+12,"March 9th, 2019",04000US08,Colorado
3/9/2019,3/2/2019,04000US22,Louisiana,1584,14565,1878839,0.78,1.55211E+12,"March 9th, 2019",04000US22,Louisiana
3/9/2019,3/2/2019,04000US27,Minnesota,3424,61508,2832916,2.17,1.55211E+12,"March 9th, 2019",04000US27,Minnesota
3/9/2019,3/2/2019,04000US34,New Jersey,7990,109482,3977393,2.75,1.55211E+12,"March 9th, 2019",04000US34,New Jersey
3/9/2019,3/2/2019,04000US55,Wisconsin,6373,44487,2833042,1.57,1.55211E+12,"March 9th, 2019",04000US55,Wisconsin
3/2/2019,2/23/2019,04000US08,Colorado,1719,22043,2588607,0.85,1.5515E+12,"March 2nd, 2019",04000US08,Colorado
3/2/2019,2/23/2019,04000US22,Louisiana,1674,15535,1878839,0.83,1.5515E+12,"March 2nd, 2019",04000US22,Louisiana
3/2/2019,2/23/2019,04000US27,Minnesota,3293,60265,2832916,2.13,1.5515E+12,"March 2nd, 2019",04000US27,Minnesota
3/2/2019,2/23/2019,04000US34,New Jersey,8155,112183,3977393,2.82,1.5515E+12,"March 2nd, 2019",04000US34,New Jersey
3/2/2019,2/23/2019,04000US55,Wisconsin,6099,44312,2833042,1.56,1.5515E+12,"March 2nd, 2019",04000US55,Wisconsin
2/23/2019,2/16/2019,04000US08,Colorado,1925,23469,2588607,0.91,1.5509E+12,"February 23rd, 2019",04000US08,Colorado
2/23/2019,2/16/2019,04000US22,Louisiana,1784,15317,1878839,0.82,1.5509E+12,"February 23rd, 2019",04000US22,Louisiana
2/23/2019,2/16/2019,04000US27,Minnesota,3014,60963,2832916,2.15,1.5509E+12,"February 23rd, 2019",04000US27,Minnesota
2/23/2019,2/16/2019,04000US34,New Jersey,8512,110184,3977393,2.77,1.5509E+12,"February 23rd, 2019",04000US34,New Jersey
2/23/2019,2/16/2019,04000US55,Wisconsin,5769,45863,2833042,1.62,1.5509E+12,"February 23rd, 2019",04000US55,Wisconsin
2/16/2019,2/9/2019,04000US08,Colorado,1813,22326,2588607,0.86,1.55029E+12,"February 16th, 2019",04000US08,Colorado
2/16/2019,2/9/2019,04000US22,Louisiana,1672,14607,1878839,0.78,1.55029E+12,"February 16th, 2019",04000US22,Louisiana
2/16/2019,2/9/2019,04000US27,Minnesota,3080,61861,2832916,2.18,1.55029E+12,"February 16th, 2019",04000US27,Minnesota
2/16/2019,2/9/2019,04000US34,New Jersey,8841,108663,3977393,2.73,1.55029E+12,"February 16th, 2019",04000US34,New Jersey
2/16/2019,2/9/2019,04000US55,Wisconsin,5574,47683,2833042,1.68,1.55029E+12,"February 16th, 2019",04000US55,Wisconsin
2/9/2019,2/2/2019,04000US08,Colorado,2210,23442,2588607,0.91,1.54969E+12,"February 9th, 2019",04000US08,Colorado
2/9/2019,2/2/2019,04000US22,Louisiana,1971,15730,1878839,0.84,1.54969E+12,"February 9th, 2019",04000US22,Louisiana
2/9/2019,2/2/2019,04000US27,Minnesota,5091,68217,2832916,2.41,1.54969E+12,"February 9th, 2019",04000US27,Minnesota
2/9/2019,2/2/2019,04000US34,New Jersey,9758,111536,3977393,2.8,1.54969E+12,"February 9th, 2019",04000US34,New Jersey
2/9/2019,2/2/2019,04000US55,Wisconsin,10180,54782,2833042,1.93,1.54969E+12,"February 9th, 2019",04000US55,Wisconsin
2/2/2019,1/26/2019,04000US08,Colorado,2275,22589,2588607,0.87,1.54908E+12,"February 2nd, 2019",04000US08,Colorado
2/2/2019,1/26/2019,04000US22,Louisiana,2062,16467,1878839,0.88,1.54908E+12,"February 2nd, 2019",04000US22,Louisiana
2/2/2019,1/26/2019,04000US27,Minnesota,4831,62671,2832916,2.21,1.54908E+12,"February 2nd, 2019",04000US27,Minnesota
2/2/2019,1/26/2019,04000US34,New Jersey,9903,111749,3977393,2.81,1.54908E+12,"February 2nd, 2019",04000US34,New Jersey
2/2/2019,1/26/2019,04000US55,Wisconsin,11372,48011,2833042,1.69,1.54908E+12,"February 2nd, 2019",04000US55,Wisconsin
1/26/2019,1/19/2019,04000US08,Colorado,2409,23144,2588607,0.89,1.54848E+12,"January 26th, 2019",04000US08,Colorado
1/26/2019,1/19/2019,04000US22,Louisiana,1759,15866,1878839,0.84,1.54848E+12,"January 26th, 2019",04000US22,Louisiana
1/26/2019,1/19/2019,04000US27,Minnesota,4215,60311,2832916,2.13,1.54848E+12,"January 26th, 2019",04000US27,Minnesota
1/26/2019,1/19/2019,04000US34,New Jersey,11130,108219,3977393,2.72,1.54848E+12,"January 26th, 2019",04000US34,New Jersey
1/26/2019,1/19/2019,04000US55,Wisconsin,6902,44587,2833042,1.57,1.54848E+12,"January 26th, 2019",04000US55,Wisconsin
1/19/2019,1/12/2019,04000US08,Colorado,2701,21748,2588607,0.84,1.54787E+12,"January 19th, 2019",04000US08,Colorado
1/19/2019,1/12/2019,04000US22,Louisiana,2222,15851,1878839,0.84,1.54787E+12,"January 19th, 2019",04000US22,Louisiana
1/19/2019,1/12/2019,04000US27,Minnesota,4178,60466,2832916,2.13,1.54787E+12,"January 19th, 2019",04000US27,Minnesota
1/19/2019,1/12/2019,04000US34,New Jersey,10190,106096,3977393,2.67,1.54787E+12,"January 19th, 2019",04000US34,New Jersey
1/19/2019,1/12/2019,04000US55,Wisconsin,6332,45888,2833042,1.62,1.54787E+12,"January 19th, 2019",04000US55,Wisconsin
1/12/2019,1/5/2019,04000US08,Colorado,3077,21215,2588607,0.82,1.54727E+12,"January 12th, 2019",04000US08,Colorado
1/12/2019,1/5/2019,04000US22,Louisiana,2580,15999,1878839,0.85,1.54727E+12,"January 12th, 2019",04000US22,Louisiana
1/12/2019,1/5/2019,04000US27,Minnesota,5791,63676,2832916,2.25,1.54727E+12,"January 12th, 2019",04000US27,Minnesota
1/12/2019,1/5/2019,04000US34,New Jersey,14167,110669,3977393,2.78,1.54727E+12,"January 12th, 2019",04000US34,New Jersey
1/12/2019,1/5/2019,04000US55,Wisconsin,7989,50273,2833042,1.77,1.54727E+12,"January 12th, 2019",04000US55,Wisconsin
1/5/2019,12/29/2018,04000US08,Colorado,2710,21864,2571804,0.85,1.54666E+12,"January 5th, 2019",04000US08,Colorado
1/5/2019,12/29/2018,04000US22,Louisiana,1826,15954,1876044,0.85,1.54666E+12,"January 5th, 2019",04000US22,Louisiana
1/5/2019,12/29/2018,04000US27,Minnesota,7996,66043,2828116,2.34,1.54666E+12,"January 5th, 2019",04000US27,Minnesota
1/5/2019,12/29/2018,04000US34,New Jersey,15716,108647,3967985,2.74,1.54666E+12,"January 5th, 2019",04000US34,New Jersey
1/5/2019,12/29/2018,04000US55,Wisconsin,11915,48982,2827121,1.73,1.54666E+12,"January 5th, 2019",04000US55,Wisconsin
12/29/2018,12/22/2018,04000US08,Colorado,2014,18847,2571804,0.73,1.54606E+12,"December 29th, 2018",04000US08,Colorado
12/29/2018,12/22/2018,04000US22,Louisiana,1509,16234,1876044,0.87,1.54606E+12,"December 29th, 2018",04000US22,Louisiana
12/29/2018,12/22/2018,04000US27,Minnesota,6338,53348,2828116,1.89,1.54606E+12,"December 29th, 2018",04000US27,Minnesota
12/29/2018,12/22/2018,04000US34,New Jersey,23732,87417,3967985,2.2,1.54606E+12,"December 29th, 2018",04000US34,New Jersey
12/29/2018,12/22/2018,04000US55,Wisconsin,10494,36839,2827121,1.3,1.54606E+12,"December 29th, 2018",04000US55,Wisconsin
12/22/2018,12/15/2018,04000US08,Colorado,2430,20163,2571804,0.78,1.54545E+12,"December 22nd, 2018",04000US08,Colorado
12/22/2018,12/15/2018,04000US22,Louisiana,2184,16126,1876044,0.86,1.54545E+12,"December 22nd, 2018",04000US22,Louisiana
12/22/2018,12/15/2018,04000US27,Minnesota,5877,51102,2828116,1.81,1.54545E+12,"December 22nd, 2018",04000US27,Minnesota
12/22/2018,12/15/2018,04000US34,New Jersey,15887,86548,3967985,2.18,1.54545E+12,"December 22nd, 2018",04000US34,New Jersey
12/22/2018,12/15/2018,04000US55,Wisconsin,6999,35918,2827121,1.27,1.54545E+12,"December 22nd, 2018",04000US55,Wisconsin
12/15/2018,12/8/2018,04000US08,Colorado,2293,18371,2571804,0.71,1.54485E+12,"December 15th, 2018",04000US08,Colorado
12/15/2018,12/8/2018,04000US22,Louisiana,2430,15962,1876044,0.85,1.54485E+12,"December 15th, 2018",04000US22,Louisiana
12/15/2018,12/8/2018,04000US27,Minnesota,5866,48546,2828116,1.72,1.54485E+12,"December 15th, 2018",04000US27,Minnesota
12/15/2018,12/8/2018,04000US34,New Jersey,9639,82272,3967985,2.07,1.54485E+12,"December 15th, 2018",04000US34,New Jersey
12/15/2018,12/8/2018,04000US55,Wisconsin,6702,34035,2827121,1.2,1.54485E+12,"December 15th, 2018",04000US55,Wisconsin
12/8/2018,12/1/2018,04000US08,Colorado,2711,19188,2571804,0.75,1.54425E+12,"December 8th, 2018",04000US08,Colorado
12/8/2018,12/1/2018,04000US22,Louisiana,2375,15410,1876044,0.82,1.54425E+12,"December 8th, 2018",04000US22,Louisiana
12/8/2018,12/1/2018,04000US27,Minnesota,6970,45309,2828116,1.6,1.54425E+12,"December 8th, 2018",04000US27,Minnesota
12/8/2018,12/1/2018,04000US34,New Jersey,10220,81714,3967985,2.06,1.54425E+12,"December 8th, 2018",04000US34,New Jersey
12/8/2018,12/1/2018,04000US55,Wisconsin,7118,31593,2827121,1.12,1.54425E+12,"December 8th, 2018",04000US55,Wisconsin
12/1/2018,11/24/2018,04000US08,Colorado,2272,18652,2571804,0.73,1.54364E+12,"December 1st, 2018",04000US08,Colorado
12/1/2018,11/24/2018,04000US22,Louisiana,2594,15715,1876044,0.84,1.54364E+12,"December 1st, 2018",04000US22,Louisiana
12/1/2018,11/24/2018,04000US27,Minnesota,8486,43754,2828116,1.55,1.54364E+12,"December 1st, 2018",04000US27,Minnesota
12/1/2018,11/24/2018,04000US34,New Jersey,10211,85596,3967985,2.16,1.54364E+12,"December 1st, 2018",04000US34,New Jersey
12/1/2018,11/24/2018,04000US55,Wisconsin,9976,33540,2827121,1.19,1.54364E+12,"December 1st, 2018",04000US55,Wisconsin
11/24/2018,11/17/2018,04000US08,Colorado,1883,17725,2571804,0.69,1.54304E+12,"November 24th, 2018",04000US08,Colorado
11/24/2018,11/17/2018,04000US22,Louisiana,1789,14493,1876044,0.77,1.54304E+12,"November 24th, 2018",04000US22,Louisiana
11/24/2018,11/17/2018,04000US27,Minnesota,6432,33720,2828116,1.19,1.54304E+12,"November 24th, 2018",04000US27,Minnesota
11/24/2018,11/17/2018,04000US34,New Jersey,9560,76974,3967985,1.94,1.54304E+12,"November 24th, 2018",04000US34,New Jersey
11/24/2018,11/17/2018,04000US55,Wisconsin,8136,23967,2827121,0.85,1.54304E+12,"November 24th, 2018",04000US55,Wisconsin
11/17/2018,11/10/2018,04000US08,Colorado,2228,17188,2571804,0.67,1.54243E+12,"November 17th, 2018",04000US08,Colorado
11/17/2018,11/10/2018,04000US22,Louisiana,2303,14237,1876044,0.76,1.54243E+12,"November 17th, 2018",04000US22,Louisiana
11/17/2018,11/10/2018,04000US27,Minnesota,6826,31280,2828116,1.11,1.54243E+12,"November 17th, 2018",04000US27,Minnesota
11/17/2018,11/10/2018,04000US34,New Jersey,9073,80412,3967985,2.03,1.54243E+12,"November 17th, 2018",04000US34,New Jersey
11/17/2018,11/10/2018,04000US55,Wisconsin,6017,22760,2827121,0.81,1.54243E+12,"November 17th, 2018",04000US55,Wisconsin
11/10/2018,11/3/2018,04000US08,Colorado,2230,17489,2571804,0.68,1.54183E+12,"November 10th, 2018",04000US08,Colorado
11/10/2018,11/3/2018,04000US22,Louisiana,2115,14159,1876044,0.75,1.54183E+12,"November 10th, 2018",04000US22,Louisiana
11/10/2018,11/3/2018,04000US27,Minnesota,5472,27068,2828116,0.96,1.54183E+12,"November 10th, 2018",04000US27,Minnesota
11/10/2018,11/3/2018,04000US34,New Jersey,11420,74345,3967985,1.87,1.54183E+12,"November 10th, 2018",04000US34,New Jersey
11/10/2018,11/3/2018,04000US55,Wisconsin,5291,20877,2827121,0.74,1.54183E+12,"November 10th, 2018",04000US55,Wisconsin
11/3/2018,10/27/2018,04000US08,Colorado,1930,16808,2571804,0.65,1.54122E+12,"November 3rd, 2018",04000US08,Colorado
11/3/2018,10/27/2018,04000US22,Louisiana,1945,15007,1876044,0.8,1.54122E+12,"November 3rd, 2018",04000US22,Louisiana
11/3/2018,10/27/2018,04000US27,Minnesota,3668,24030,2828116,0.85,1.54122E+12,"November 3rd, 2018",04000US27,Minnesota
11/3/2018,10/27/2018,04000US34,New Jersey,8504,74718,3967985,1.88,1.54122E+12,"November 3rd, 2018",04000US34,New Jersey
11/3/2018,10/27/2018,04000US55,Wisconsin,4521,19506,2827121,0.69,1.54122E+12,"November 3rd, 2018",04000US55,Wisconsin
10/27/2018,10/20/2018,04000US08,Colorado,1873,17294,2571804,0.67,1.54061E+12,"October 27th, 2018",04000US08,Colorado
10/27/2018,10/20/2018,04000US22,Louisiana,1957,14385,1876044,0.77,1.54061E+12,"October 27th, 2018",04000US22,Louisiana
10/27/2018,10/20/2018,04000US27,Minnesota,3090,23255,2828116,0.82,1.54061E+12,"October 27th, 2018",04000US27,Minnesota
10/27/2018,10/20/2018,04000US34,New Jersey,7763,74017,3967985,1.87,1.54061E+12,"October 27th, 2018",04000US34,New Jersey
10/27/2018,10/20/2018,04000US55,Wisconsin,3586,18927,2827121,0.67,1.54061E+12,"October 27th, 2018",04000US55,Wisconsin
10/20/2018,10/13/2018,04000US08,Colorado,1963,16354,2571804,0.64,1.54001E+12,"October 20th, 2018",04000US08,Colorado
10/20/2018,10/13/2018,04000US22,Louisiana,1989,14621,1876044,0.78,1.54001E+12,"October 20th, 2018",04000US22,Louisiana
10/20/2018,10/13/2018,04000US27,Minnesota,3419,23901,2828116,0.85,1.54001E+12,"October 20th, 2018",04000US27,Minnesota
10/20/2018,10/13/2018,04000US34,New Jersey,8081,73634,3967985,1.86,1.54001E+12,"October 20th, 2018",04000US34,New Jersey
10/20/2018,10/13/2018,04000US55,Wisconsin,3584,19076,2827121,0.67,1.54001E+12,"October 20th, 2018",04000US55,Wisconsin
10/13/2018,10/6/2018,04000US08,Colorado,2206,16284,2571804,0.63,1.5394E+12,"October 13th, 2018",04000US08,Colorado
10/13/2018,10/6/2018,04000US22,Louisiana,1893,14812,1876044,0.79,1.5394E+12,"October 13th, 2018",04000US22,Louisiana
10/13/2018,10/6/2018,04000US27,Minnesota,3144,22344,2828116,0.79,1.5394E+12,"October 13th, 2018",04000US27,Minnesota
10/13/2018,10/6/2018,04000US34,New Jersey,7245,71966,3968853,1.81,1.5394E+12,"October 13th, 2018",04000US34,New Jersey
10/13/2018,10/6/2018,04000US55,Wisconsin,3936,18775,2827121,0.66,1.5394E+12,"October 13th, 2018",04000US55,Wisconsin
10/6/2018,9/29/2018,04000US08,Colorado,1944,16474,2555075,0.64,1.5388E+12,"October 6th, 2018",04000US08,Colorado
10/6/2018,9/29/2018,04000US22,Louisiana,1964,15070,1873578,0.8,1.5388E+12,"October 6th, 2018",04000US22,Louisiana
10/6/2018,9/29/2018,04000US27,Minnesota,2711,22343,2821096,0.79,1.5388E+12,"October 6th, 2018",04000US27,Minnesota
10/6/2018,9/29/2018,04000US34,New Jersey,7904,74067,3968853,1.87,1.5388E+12,"October 6th, 2018",04000US34,New Jersey
10/6/2018,9/29/2018,04000US55,Wisconsin,3299,18133,2819426,0.64,1.5388E+12,"October 6th, 2018",04000US55,Wisconsin
9/29/2018,9/22/2018,04000US08,Colorado,1514,16617,2555075,0.65,1.53819E+12,"September 29th, 2018",04000US08,Colorado
9/29/2018,9/22/2018,04000US22,Louisiana,1802,15816,1873578,0.84,1.53819E+12,"September 29th, 2018",04000US22,Louisiana
9/29/2018,9/22/2018,04000US27,Minnesota,2495,22300,2821096,0.79,1.53819E+12,"September 29th, 2018",04000US27,Minnesota
9/29/2018,9/22/2018,04000US34,New Jersey,6907,74133,3968853,1.87,1.53819E+12,"September 29th, 2018",04000US34,New Jersey
9/29/2018,9/22/2018,04000US55,Wisconsin,2974,18734,2819426,0.66,1.53819E+12,"September 29th, 2018",04000US55,Wisconsin
9/22/2018,9/15/2018,04000US08,Colorado,1605,16630,2555075,0.65,1.53759E+12,"September 22nd, 2018",04000US08,Colorado
9/22/2018,9/15/2018,04000US22,Louisiana,1836,15785,1873578,0.84,1.53759E+12,"September 22nd, 2018",04000US22,Louisiana
9/22/2018,9/15/2018,04000US27,Minnesota,2282,22180,2821096,0.79,1.53759E+12,"September 22nd, 2018",04000US27,Minnesota
9/22/2018,9/15/2018,04000US34,New Jersey,7122,76422,3968853,1.93,1.53759E+12,"September 22nd, 2018",04000US34,New Jersey
9/22/2018,9/15/2018,04000US55,Wisconsin,3038,18871,2819426,0.67,1.53759E+12,"September 22nd, 2018",04000US55,Wisconsin
9/15/2018,9/8/2018,04000US08,Colorado,1545,16880,2555075,0.66,1.53698E+12,"September 15th, 2018",04000US08,Colorado
9/15/2018,9/8/2018,04000US22,Louisiana,2033,16131,1873578,0.86,1.53698E+12,"September 15th, 2018",04000US22,Louisiana
9/15/2018,9/8/2018,04000US27,Minnesota,2502,23177,2821096,0.82,1.53698E+12,"September 15th, 2018",04000US27,Minnesota
9/15/2018,9/8/2018,04000US34,New Jersey,8000,85659,3968853,2.16,1.53698E+12,"September 15th, 2018",04000US34,New Jersey
9/15/2018,9/8/2018,04000US55,Wisconsin,3471,20252,2819426,0.72,1.53698E+12,"September 15th, 2018",04000US55,Wisconsin
9/8/2018,9/1/2018,04000US08,Colorado,1550,16918,2555075,0.66,1.53638E+12,"September 8th, 2018",04000US08,Colorado
9/8/2018,9/1/2018,04000US22,Louisiana,1741,16545,1873578,0.88,1.53638E+12,"September 8th, 2018",04000US22,Louisiana
9/8/2018,9/1/2018,04000US27,Minnesota,2541,24157,2821096,0.86,1.53638E+12,"September 8th, 2018",04000US27,Minnesota
9/8/2018,9/1/2018,04000US34,New Jersey,6512,94594,3968853,2.38,1.53638E+12,"September 8th, 2018",04000US34,New Jersey
9/8/2018,9/1/2018,04000US55,Wisconsin,3831,21943,2819426,0.78,1.53638E+12,"September 8th, 2018",04000US55,Wisconsin
9/1/2018,8/25/2018,04000US08,Colorado,1529,17263,2555075,0.68,1.53577E+12,"September 1st, 2018",04000US08,Colorado
9/1/2018,8/25/2018,04000US22,Louisiana,2040,17277,1873578,0.92,1.53577E+12,"September 1st, 2018",04000US22,Louisiana
9/1/2018,8/25/2018,04000US27,Minnesota,2460,23982,2821096,0.85,1.53577E+12,"September 1st, 2018",04000US27,Minnesota
9/1/2018,8/25/2018,04000US34,New Jersey,7106,97347,3968853,2.45,1.53577E+12,"September 1st, 2018",04000US34,New Jersey
9/1/2018,8/25/2018,04000US55,Wisconsin,3188,23089,2819426,0.82,1.53577E+12,"September 1st, 2018",04000US55,Wisconsin
8/25/2018,8/18/2018,04000US08,Colorado,1557,17559,2555075,0.69,1.53517E+12,"August 25th, 2018",04000US08,Colorado
8/25/2018,8/18/2018,04000US22,Louisiana,2135,17611,1873578,0.94,1.53517E+12,"August 25th, 2018",04000US22,Louisiana
8/25/2018,8/18/2018,04000US27,Minnesota,2348,24514,2821096,0.87,1.53517E+12,"August 25th, 2018",04000US27,Minnesota
8/25/2018,8/18/2018,04000US34,New Jersey,7371,97836,3968853,2.47,1.53517E+12,"August 25th, 2018",04000US34,New Jersey
8/25/2018,8/18/2018,04000US55,Wisconsin,3051,24071,2819426,0.85,1.53517E+12,"August 25th, 2018",04000US55,Wisconsin
8/18/2018,8/11/2018,04000US08,Colorado,1555,18070,2555075,0.71,1.53456E+12,"August 18th, 2018",04000US08,Colorado
8/18/2018,8/11/2018,04000US22,Louisiana,2193,18104,1873578,0.97,1.53456E+12,"August 18th, 2018",04000US22,Louisiana
8/18/2018,8/11/2018,04000US27,Minnesota,2223,25024,2821096,0.89,1.53456E+12,"August 18th, 2018",04000US27,Minnesota
8/18/2018,8/11/2018,04000US34,New Jersey,8276,97886,3968853,2.47,1.53456E+12,"August 18th, 2018",04000US34,New Jersey
8/18/2018,8/11/2018,04000US55,Wisconsin,3180,25038,2819426,0.89,1.53456E+12,"August 18th, 2018",04000US55,Wisconsin
8/11/2018,8/4/2018,04000US08,Colorado,1494,18494,2555075,0.72,1.53396E+12,"August 11th, 2018",04000US08,Colorado
8/11/2018,8/4/2018,04000US22,Louisiana,2111,18811,1873578,1,1.53396E+12,"August 11th, 2018",04000US22,Louisiana
8/11/2018,8/4/2018,04000US27,Minnesota,2264,25889,2821096,0.92,1.53396E+12,"August 11th, 2018",04000US27,Minnesota
8/11/2018,8/4/2018,04000US34,New Jersey,7811,97770,3957190,2.47,1.53396E+12,"August 11th, 2018",04000US34,New Jersey
8/11/2018,8/4/2018,04000US55,Wisconsin,3520,25491,2819426,0.9,1.53396E+12,"August 11th, 2018",04000US55,Wisconsin
8/4/2018,7/28/2018,04000US08,Colorado,1560,18975,2555075,0.74,1.53336E+12,"August 4th, 2018",04000US08,Colorado
8/4/2018,7/28/2018,04000US22,Louisiana,2204,19594,1873578,1.05,1.53336E+12,"August 4th, 2018",04000US22,Louisiana
8/4/2018,7/28/2018,04000US27,Minnesota,2345,25446,2821096,0.9,1.53336E+12,"August 4th, 2018",04000US27,Minnesota
8/4/2018,7/28/2018,04000US34,New Jersey,8198,98169,3957190,2.48,1.53336E+12,"August 4th, 2018",04000US34,New Jersey
8/4/2018,7/28/2018,04000US55,Wisconsin,3349,25377,2819426,0.9,1.53336E+12,"August 4th, 2018",04000US55,Wisconsin
7/28/2018,7/21/2018,04000US08,Colorado,1611,18921,2555075,0.74,1.53275E+12,"July 28th, 2018",04000US08,Colorado
7/28/2018,7/21/2018,04000US22,Louisiana,2172,19232,1873578,1.03,1.53275E+12,"July 28th, 2018",04000US22,Louisiana
7/28/2018,7/21/2018,04000US27,Minnesota,2113,25553,2821096,0.91,1.53275E+12,"July 28th, 2018",04000US27,Minnesota
7/28/2018,7/21/2018,04000US34,New Jersey,7619,100055,3957190,2.53,1.53275E+12,"July 28th, 2018",04000US34,New Jersey
7/28/2018,7/21/2018,04000US55,Wisconsin,3045,25394,2819426,0.9,1.53275E+12,"July 28th, 2018",04000US55,Wisconsin
7/21/2018,7/14/2018,04000US08,Colorado,1606,19331,2555075,0.76,1.53215E+12,"July 21st, 2018",04000US08,Colorado
7/21/2018,7/14/2018,04000US22,Louisiana,2198,19196,1873578,1.02,1.53215E+12,"July 21st, 2018",04000US22,Louisiana
7/21/2018,7/14/2018,04000US27,Minnesota,2293,26203,2821096,0.93,1.53215E+12,"July 21st, 2018",04000US27,Minnesota
7/21/2018,7/14/2018,04000US34,New Jersey,8254,99334,3957190,2.51,1.53215E+12,"July 21st, 2018",04000US34,New Jersey
7/21/2018,7/14/2018,04000US55,Wisconsin,3215,26336,2819426,0.93,1.53215E+12,"July 21st, 2018",04000US55,Wisconsin
7/14/2018,7/7/2018,04000US08,Colorado,1690,19165,2555075,0.75,1.53154E+12,"July 14th, 2018",04000US08,Colorado
7/14/2018,7/7/2018,04000US22,Louisiana,2525,18963,1873578,1.01,1.53154E+12,"July 14th, 2018",04000US22,Louisiana
7/14/2018,7/7/2018,04000US27,Minnesota,3663,30030,2821096,1.06,1.53154E+12,"July 14th, 2018",04000US27,Minnesota
7/14/2018,7/7/2018,04000US34,New Jersey,9172,99656,3957190,2.52,1.53154E+12,"July 14th, 2018",04000US34,New Jersey
7/14/2018,7/7/2018,04000US55,Wisconsin,4689,28516,2819426,1.01,1.53154E+12,"July 14th, 2018",04000US55,Wisconsin
7/7/2018,6/30/2018,04000US08,Colorado,1764,18440,2539516,0.73,1.53094E+12,"July 7th, 2018",04000US08,Colorado
7/7/2018,6/30/2018,04000US22,Louisiana,2325,18587,1872877,0.99,1.53094E+12,"July 7th, 2018",04000US22,Louisiana
7/7/2018,6/30/2018,04000US27,Minnesota,3037,26619,2821096,0.94,1.53094E+12,"July 7th, 2018",04000US27,Minnesota
7/7/2018,6/30/2018,04000US34,New Jersey,13924,87635,3957083,2.21,1.53094E+12,"July 7th, 2018",04000US34,New Jersey
7/7/2018,6/30/2018,04000US55,Wisconsin,4739,25148,2814148,0.89,1.53094E+12,"July 7th, 2018",04000US55,Wisconsin
6/30/2018,6/23/2018,04000US08,Colorado,1653,19536,2539516,0.77,1.53033E+12,"June 30th, 2018",04000US08,Colorado
6/30/2018,6/23/2018,04000US22,Louisiana,2120,19178,1872877,1.02,1.53033E+12,"June 30th, 2018",04000US22,Louisiana
6/30/2018,6/23/2018,04000US27,Minnesota,2733,27269,2812945,0.97,1.53033E+12,"June 30th, 2018",04000US27,Minnesota
6/30/2018,6/23/2018,04000US34,New Jersey,17448,80685,3957083,2.04,1.53033E+12,"June 30th, 2018",04000US34,New Jersey
6/30/2018,6/23/2018,04000US55,Wisconsin,3735,26049,2814148,0.93,1.53033E+12,"June 30th, 2018",04000US55,Wisconsin
6/23/2018,6/16/2018,04000US08,Colorado,1612,19050,2539516,0.75,1.52973E+12,"June 23rd, 2018",04000US08,Colorado
6/23/2018,6/16/2018,04000US22,Louisiana,2263,18674,1872877,1,1.52973E+12,"June 23rd, 2018",04000US22,Louisiana
6/23/2018,6/16/2018,04000US27,Minnesota,2603,27256,2812945,0.97,1.52973E+12,"June 23rd, 2018",04000US27,Minnesota
6/23/2018,6/16/2018,04000US34,New Jersey,13084,78034,3957083,1.97,1.52973E+12,"June 23rd, 2018",04000US34,New Jersey
6/23/2018,6/16/2018,04000US55,Wisconsin,5057,25271,2814148,0.9,1.52973E+12,"June 23rd, 2018",04000US55,Wisconsin
6/16/2018,6/9/2018,04000US08,Colorado,1745,19623,2539516,0.77,1.52912E+12,"June 16th, 2018",04000US08,Colorado
6/16/2018,6/9/2018,04000US22,Louisiana,2541,18306,1872877,0.98,1.52912E+12,"June 16th, 2018",04000US22,Louisiana
6/16/2018,6/9/2018,04000US27,Minnesota,2894,27542,2812945,0.98,1.52912E+12,"June 16th, 2018",04000US27,Minnesota
6/16/2018,6/9/2018,04000US34,New Jersey,7648,78509,3957083,1.98,1.52912E+12,"June 16th, 2018",04000US34,New Jersey
6/16/2018,6/9/2018,04000US55,Wisconsin,5956,22342,2814148,0.79,1.52912E+12,"June 16th, 2018",04000US55,Wisconsin
6/9/2018,6/2/2018,04000US08,Colorado,1926,18811,2539516,0.74,1.52852E+12,"June 9th, 2018",04000US08,Colorado
6/9/2018,6/2/2018,04000US22,Louisiana,2883,17417,1872877,0.93,1.52852E+12,"June 9th, 2018",04000US22,Louisiana
6/9/2018,6/2/2018,04000US27,Minnesota,3278,29040,2812945,1.03,1.52852E+12,"June 9th, 2018",04000US27,Minnesota
6/9/2018,6/2/2018,04000US34,New Jersey,7705,79862,3957083,2.02,1.52852E+12,"June 9th, 2018",04000US34,New Jersey
6/9/2018,6/2/2018,04000US55,Wisconsin,4209,22085,2814148,0.78,1.52852E+12,"June 9th, 2018",04000US55,Wisconsin
6/2/2018,5/26/2018,04000US08,Colorado,1904,19781,2539516,0.78,1.52791E+12,"June 2nd, 2018",04000US08,Colorado
6/2/2018,5/26/2018,04000US22,Louisiana,2946,16792,1872877,0.9,1.52791E+12,"June 2nd, 2018",04000US22,Louisiana
6/2/2018,5/26/2018,04000US27,Minnesota,2757,27836,2812945,0.99,1.52791E+12,"June 2nd, 2018",04000US27,Minnesota
6/2/2018,5/26/2018,04000US34,New Jersey,6107,79626,3945089,2.02,1.52791E+12,"June 2nd, 2018",04000US34,New Jersey
6/2/2018,5/26/2018,04000US55,Wisconsin,3681,22375,2814148,0.8,1.52791E+12,"June 2nd, 2018",04000US55,Wisconsin
5/26/2018,5/19/2018,04000US08,Colorado,1857,19037,2539516,0.75,1.52731E+12,"May 26th, 2018",04000US08,Colorado
5/26/2018,5/19/2018,04000US22,Louisiana,3059,15367,1872877,0.82,1.52731E+12,"May 26th, 2018",04000US22,Louisiana
5/26/2018,5/19/2018,04000US27,Minnesota,2711,28922,2812945,1.03,1.52731E+12,"May 26th, 2018",04000US27,Minnesota
5/26/2018,5/19/2018,04000US34,New Jersey,7785,79863,3945089,2.02,1.52731E+12,"May 26th, 2018",04000US34,New Jersey
5/26/2018,5/19/2018,04000US55,Wisconsin,3659,22067,2814148,0.78,1.52731E+12,"May 26th, 2018",04000US55,Wisconsin
5/19/2018,5/12/2018,04000US08,Colorado,1771,20475,2539516,0.81,1.5267E+12,"May 19th, 2018",04000US08,Colorado
5/19/2018,5/12/2018,04000US22,Louisiana,2351,15258,1872877,0.81,1.5267E+12,"May 19th, 2018",04000US22,Louisiana
5/19/2018,5/12/2018,04000US27,Minnesota,2492,31697,2812945,1.13,1.5267E+12,"May 19th, 2018",04000US27,Minnesota
5/19/2018,5/12/2018,04000US34,New Jersey,8418,79547,3945089,2.02,1.5267E+12,"May 19th, 2018",04000US34,New Jersey
5/19/2018,5/12/2018,04000US55,Wisconsin,3634,22899,2814148,0.81,1.5267E+12,"May 19th, 2018",04000US55,Wisconsin
5/12/2018,5/5/2018,04000US08,Colorado,1776,19649,2539516,0.77,1.5261E+12,"May 12th, 2018",04000US08,Colorado
5/12/2018,5/5/2018,04000US22,Louisiana,2026,15141,1872877,0.81,1.5261E+12,"May 12th, 2018",04000US22,Louisiana
5/12/2018,5/5/2018,04000US27,Minnesota,2761,37640,2812945,1.34,1.5261E+12,"May 12th, 2018",04000US27,Minnesota
5/12/2018,5/5/2018,04000US34,New Jersey,7292,81476,3945089,2.07,1.5261E+12,"May 12th, 2018",04000US34,New Jersey
5/12/2018,5/5/2018,04000US55,Wisconsin,3795,24968,2814148,0.89,1.5261E+12,"May 12th, 2018",04000US55,Wisconsin
5/5/2018,4/28/2018,04000US08,Colorado,1899,21380,2539516,0.84,1.52549E+12,"May 5th, 2018",04000US08,Colorado
5/5/2018,4/28/2018,04000US22,Louisiana,2065,15874,1872877,0.85,1.52549E+12,"May 5th, 2018",04000US22,Louisiana
5/5/2018,4/28/2018,04000US27,Minnesota,2803,42079,2812945,1.5,1.52549E+12,"May 5th, 2018",04000US27,Minnesota
5/5/2018,4/28/2018,04000US34,New Jersey,7298,84191,3945089,2.13,1.52549E+12,"May 5th, 2018",04000US34,New Jersey
5/5/2018,4/28/2018,04000US55,Wisconsin,3939,28611,2814148,1.02,1.52549E+12,"May 5th, 2018",04000US55,Wisconsin
4/28/2018,4/21/2018,04000US08,Colorado,1755,19891,2539516,0.78,1.52489E+12,"April 28th, 2018",04000US08,Colorado
4/28/2018,4/21/2018,04000US22,Louisiana,2242,15278,1872877,0.82,1.52489E+12,"April 28th, 2018",04000US22,Louisiana
4/28/2018,4/21/2018,04000US27,Minnesota,2985,48894,2812945,1.74,1.52489E+12,"April 28th, 2018",04000US27,Minnesota
4/28/2018,4/21/2018,04000US34,New Jersey,7098,87731,3945632,2.22,1.52489E+12,"April 28th, 2018",04000US34,New Jersey
4/28/2018,4/21/2018,04000US55,Wisconsin,5768,34663,2814148,1.23,1.52489E+12,"April 28th, 2018",04000US55,Wisconsin
4/21/2018,4/14/2018,04000US08,Colorado,2324,21339,2539516,0.84,1.52428E+12,"April 21st, 2018",04000US08,Colorado
4/21/2018,4/14/2018,04000US22,Louisiana,1960,15472,1872877,0.83,1.52428E+12,"April 21st, 2018",04000US22,Louisiana
4/21/2018,4/14/2018,04000US27,Minnesota,3051,50844,2812945,1.81,1.52428E+12,"April 21st, 2018",04000US27,Minnesota
4/21/2018,4/14/2018,04000US34,New Jersey,7205,93464,3945632,2.37,1.52428E+12,"April 21st, 2018",04000US34,New Jersey
4/21/2018,4/14/2018,04000US55,Wisconsin,5249,34254,2814148,1.22,1.52428E+12,"April 21st, 2018",04000US55,Wisconsin
4/14/2018,4/7/2018,04000US08,Colorado,2191,20209,2539516,0.8,1.52368E+12,"April 14th, 2018",04000US08,Colorado
4/14/2018,4/7/2018,04000US22,Louisiana,2142,15508,1872877,0.83,1.52368E+12,"April 14th, 2018",04000US22,Louisiana
4/14/2018,4/7/2018,04000US27,Minnesota,3459,53966,2812945,1.92,1.52368E+12,"April 14th, 2018",04000US27,Minnesota
4/14/2018,4/7/2018,04000US34,New Jersey,8991,105335,3945632,2.67,1.52368E+12,"April 14th, 2018",04000US34,New Jersey
4/14/2018,4/7/2018,04000US55,Wisconsin,6216,38243,2814148,1.36,1.52368E+12,"April 14th, 2018",04000US55,Wisconsin
4/7/2018,3/31/2018,04000US08,Colorado,2148,22361,2526852,0.88,1.52307E+12,"April 7th, 2018",04000US08,Colorado
4/7/2018,3/31/2018,04000US22,Louisiana,2393,15640,1874072,0.83,1.52307E+12,"April 7th, 2018",04000US22,Louisiana
4/7/2018,3/31/2018,04000US27,Minnesota,3507,58221,2812945,2.07,1.52307E+12,"April 7th, 2018",04000US27,Minnesota
4/7/2018,3/31/2018,04000US34,New Jersey,14893,102631,3934232,2.61,1.52307E+12,"April 7th, 2018",04000US34,New Jersey
4/7/2018,3/31/2018,04000US55,Wisconsin,6848,39354,2810423,1.4,1.52307E+12,"April 7th, 2018",04000US55,Wisconsin
3/31/2018,3/24/2018,04000US08,Colorado,1691,21472,2526852,0.85,1.52247E+12,"March 31st, 2018",04000US08,Colorado
3/31/2018,3/24/2018,04000US22,Louisiana,1648,16067,1874072,0.86,1.52247E+12,"March 31st, 2018",04000US22,Louisiana
3/31/2018,3/24/2018,04000US27,Minnesota,3090,56935,2805467,2.03,1.52247E+12,"March 31st, 2018",04000US27,Minnesota
3/31/2018,3/24/2018,04000US34,New Jersey,9326,106898,3934232,2.72,1.52247E+12,"March 31st, 2018",04000US34,New Jersey
3/31/2018,3/24/2018,04000US55,Wisconsin,5984,40178,2810423,1.43,1.52247E+12,"March 31st, 2018",04000US55,Wisconsin
3/24/2018,3/17/2018,04000US08,Colorado,1561,23805,2526852,0.94,1.52186E+12,"March 24th, 2018",04000US08,Colorado
3/24/2018,3/17/2018,04000US22,Louisiana,1863,15972,1874072,0.85,1.52186E+12,"March 24th, 2018",04000US22,Louisiana
3/24/2018,3/17/2018,04000US27,Minnesota,3189,58668,2805467,2.09,1.52186E+12,"March 24th, 2018",04000US27,Minnesota
3/24/2018,3/17/2018,04000US34,New Jersey,7245,107628,3934232,2.74,1.52186E+12,"March 24th, 2018",04000US34,New Jersey
3/24/2018,3/17/2018,04000US55,Wisconsin,5403,42478,2810423,1.51,1.52186E+12,"March 24th, 2018",04000US55,Wisconsin
3/17/2018,3/10/2018,04000US08,Colorado,1572,23035,2526852,0.91,1.52126E+12,"March 17th, 2018",04000US08,Colorado
3/17/2018,3/10/2018,04000US22,Louisiana,1805,16017,1874072,0.85,1.52126E+12,"March 17th, 2018",04000US22,Louisiana
3/17/2018,3/10/2018,04000US27,Minnesota,3394,60581,2805467,2.16,1.52126E+12,"March 17th, 2018",04000US27,Minnesota
3/17/2018,3/10/2018,04000US34,New Jersey,8917,112190,3934232,2.85,1.52126E+12,"March 17th, 2018",04000US34,New Jersey
3/17/2018,3/10/2018,04000US55,Wisconsin,5851,44319,2810423,1.58,1.52126E+12,"March 17th, 2018",04000US55,Wisconsin
3/10/2018,3/3/2018,04000US08,Colorado,1753,25616,2526852,1.01,1.52066E+12,"March 10th, 2018",04000US08,Colorado
3/10/2018,3/3/2018,04000US22,Louisiana,1794,16737,1874072,0.89,1.52066E+12,"March 10th, 2018",04000US22,Louisiana
3/10/2018,3/3/2018,04000US27,Minnesota,3503,63226,2805467,2.25,1.52066E+12,"March 10th, 2018",04000US27,Minnesota
3/10/2018,3/3/2018,04000US34,New Jersey,8270,110371,3934232,2.81,1.52066E+12,"March 10th, 2018",04000US34,New Jersey
3/10/2018,3/3/2018,04000US55,Wisconsin,5590,45740,2810423,1.63,1.52066E+12,"March 10th, 2018",04000US55,Wisconsin
3/3/2018,2/24/2018,04000US08,Colorado,1933,24049,2526852,0.95,1.52005E+12,"March 3rd, 2018",04000US08,Colorado
3/3/2018,2/24/2018,04000US22,Louisiana,1897,17465,1874072,0.93,1.52005E+12,"March 3rd, 2018",04000US22,Louisiana
3/3/2018,2/24/2018,04000US27,Minnesota,3684,62557,2805467,2.23,1.52005E+12,"March 3rd, 2018",04000US27,Minnesota
3/3/2018,2/24/2018,04000US34,New Jersey,8712,116906,3934397,2.97,1.52005E+12,"March 3rd, 2018",04000US34,New Jersey
3/3/2018,2/24/2018,04000US55,Wisconsin,6274,47790,2810423,1.7,1.52005E+12,"March 3rd, 2018",04000US55,Wisconsin
2/24/2018,2/17/2018,04000US08,Colorado,2020,26267,2526852,1.04,1.51945E+12,"February 24th, 2018",04000US08,Colorado
2/24/2018,2/17/2018,04000US22,Louisiana,1893,17610,1874072,0.94,1.51945E+12,"February 24th, 2018",04000US22,Louisiana
2/24/2018,2/17/2018,04000US27,Minnesota,3360,62475,2805467,2.23,1.51945E+12,"February 24th, 2018",04000US27,Minnesota
2/24/2018,2/17/2018,04000US34,New Jersey,7908,113829,3934397,2.89,1.51945E+12,"February 24th, 2018",04000US34,New Jersey
2/24/2018,2/17/2018,04000US55,Wisconsin,6510,48199,2810423,1.72,1.51945E+12,"February 24th, 2018",04000US55,Wisconsin
2/17/2018,2/10/2018,04000US08,Colorado,1870,24251,2526852,0.96,1.51884E+12,"February 17th, 2018",04000US08,Colorado
2/17/2018,2/10/2018,04000US22,Louisiana,1801,17892,1874072,0.95,1.51884E+12,"February 17th, 2018",04000US22,Louisiana
2/17/2018,2/10/2018,04000US27,Minnesota,3578,63400,2805467,2.26,1.51884E+12,"February 17th, 2018",04000US27,Minnesota
2/17/2018,2/10/2018,04000US34,New Jersey,9382,116575,3934397,2.96,1.51884E+12,"February 17th, 2018",04000US34,New Jersey
2/17/2018,2/10/2018,04000US55,Wisconsin,6705,49455,2810423,1.76,1.51884E+12,"February 17th, 2018",04000US55,Wisconsin
2/10/2018,2/3/2018,04000US08,Colorado,2126,26457,2526852,1.05,1.51824E+12,"February 10th, 2018",04000US08,Colorado
2/10/2018,2/3/2018,04000US22,Louisiana,2160,18566,1874072,0.99,1.51824E+12,"February 10th, 2018",04000US22,Louisiana
2/10/2018,2/3/2018,04000US27,Minnesota,3998,65577,2805467,2.34,1.51824E+12,"February 10th, 2018",04000US27,Minnesota
2/10/2018,2/3/2018,04000US34,New Jersey,9049,118209,3934397,3,1.51824E+12,"February 10th, 2018",04000US34,New Jersey
2/10/2018,2/3/2018,04000US55,Wisconsin,6930,49696,2810423,1.77,1.51824E+12,"February 10th, 2018",04000US55,Wisconsin
2/3/2018,1/27/2018,04000US08,Colorado,2268,23993,2526852,0.95,1.51763E+12,"February 3rd, 2018",04000US08,Colorado
2/3/2018,1/27/2018,04000US22,Louisiana,2291,19205,1874072,1.02,1.51763E+12,"February 3rd, 2018",04000US22,Louisiana
2/3/2018,1/27/2018,04000US27,Minnesota,3808,63485,2805467,2.26,1.51763E+12,"February 3rd, 2018",04000US27,Minnesota
2/3/2018,1/27/2018,04000US34,New Jersey,8863,117895,3934397,3,1.51763E+12,"February 3rd, 2018",04000US34,New Jersey
2/3/2018,1/27/2018,04000US55,Wisconsin,6968,50427,2810423,1.79,1.51763E+12,"February 3rd, 2018",04000US55,Wisconsin
1/27/2018,1/20/2018,04000US08,Colorado,2366,26082,2526852,1.03,1.51703E+12,"January 27th, 2018",04000US08,Colorado
1/27/2018,1/20/2018,04000US22,Louisiana,2468,19093,1874072,1.02,1.51703E+12,"January 27th, 2018",04000US22,Louisiana
1/27/2018,1/20/2018,04000US27,Minnesota,3695,63436,2805467,2.26,1.51703E+12,"January 27th, 2018",04000US27,Minnesota
1/27/2018,1/20/2018,04000US34,New Jersey,8981,118337,3934397,3.01,1.51703E+12,"January 27th, 2018",04000US34,New Jersey
1/27/2018,1/20/2018,04000US55,Wisconsin,6851,50863,2810423,1.81,1.51703E+12,"January 27th, 2018",04000US55,Wisconsin
1/20/2018,1/13/2018,04000US08,Colorado,2565,23846,2526852,0.94,1.51642E+12,"January 20th, 2018",04000US08,Colorado
1/20/2018,1/13/2018,04000US22,Louisiana,1737,19150,1874072,1.02,1.51642E+12,"January 20th, 2018",04000US22,Louisiana
1/20/2018,1/13/2018,04000US27,Minnesota,3921,62887,2805467,2.24,1.51642E+12,"January 20th, 2018",04000US27,Minnesota
1/20/2018,1/13/2018,04000US34,New Jersey,10806,116061,3934397,2.95,1.51642E+12,"January 20th, 2018",04000US34,New Jersey
1/20/2018,1/13/2018,04000US55,Wisconsin,6244,50588,2810423,1.8,1.51642E+12,"January 20th, 2018",04000US55,Wisconsin
1/13/2018,1/6/2018,04000US08,Colorado,3012,23868,2526852,0.94,1.51582E+12,"January 13th, 2018",04000US08,Colorado
1/13/2018,1/6/2018,04000US22,Louisiana,2945,19924,1874072,1.06,1.51582E+12,"January 13th, 2018",04000US22,Louisiana
1/13/2018,1/6/2018,04000US27,Minnesota,5589,66324,2805467,2.36,1.51582E+12,"January 13th, 2018",04000US27,Minnesota
1/13/2018,1/6/2018,04000US34,New Jersey,15040,121653,3934397,3.09,1.51582E+12,"January 13th, 2018",04000US34,New Jersey
1/13/2018,1/6/2018,04000US55,Wisconsin,8609,56945,2810423,2.03,1.51582E+12,"January 13th, 2018",04000US55,Wisconsin
1/6/2018,12/30/2017,04000US08,Colorado,3095,24572,2512397,0.98,1.51521E+12,"January 6th, 2018",04000US08,Colorado
1/6/2018,12/30/2017,04000US22,Louisiana,2221,19560,1875031,1.04,1.51521E+12,"January 6th, 2018",04000US22,Louisiana
1/6/2018,12/30/2017,04000US27,Minnesota,8783,69875,2794762,2.5,1.51521E+12,"January 6th, 2018",04000US27,Minnesota
1/6/2018,12/30/2017,04000US34,New Jersey,16190,113263,3920147,2.89,1.51521E+12,"January 6th, 2018",04000US34,New Jersey
1/6/2018,12/30/2017,04000US55,Wisconsin,15298,56850,2804174,2.03,1.51521E+12,"January 6th, 2018",04000US55,Wisconsin
